"1734","ENSMUSG00000000355","2010-03-18","2010-07-14","Mcts1","malignant T cell amplified sequence 1 Gene [Source:MGI Symbol;Acc:MGI:1916245]","Mus musculus","10090","PUAx1","MCT-1",\N,\N,\N
"1735","ENSMUSG00000000439","2010-03-18","2010-07-14","Mkrn2","makorin, ring finger protein, 2 Gene [Source:MGI Symbol;Acc:MGI:1914277]","Mus musculus","10090","Znf_CCCHx4; Znf_RINGx1","",\N,\N,\N
"1736","ENSMUSG00000000568","2010-03-18","2010-05-05","Hnrnpd","heterogeneous nuclear ribonucleoprotein D Gene [Source:MGI Symbol;Acc:MGI:101947]","Mus musculus","10090","RRMx2","Hnrpd",\N,\N,\N
"1737","ENSMUSG00000000838","2010-03-18","2010-05-05","Fmr1","fragile X mental retardation syndrome 1 homolog Gene [Source:MGI Symbol;Acc:MGI:95564]","Mus musculus","10090","KHx2","Fmr-1",\N,\N,\N
"1738","ENSMUSG00000000948","2010-03-18","2010-07-20","Snrpn","small nuclear ribonucleoprotein N Gene [Source:MGI Symbol;Acc:MGI:98347]","Mus musculus","10090","LSmx1","Peg4",\N,\N,\N
"1739","ENSMUSG00000001120","2010-03-18","2010-05-03","Pcbp3","poly(rC) binding protein 3 Gene [Source:MGI Symbol;Acc:MGI:1890470]","Mus musculus","10090","KHx3","AlphaCP-3",\N,\N,\N
"1740","ENSMUSG00000001909","2010-03-18","2010-07-22","Trmt1","TRM1 tRNA methyltransferase 1 homolog (S. cerevisiae) Gene [Source:MGI Symbol;Acc:MGI:1289155]","Mus musculus","10090","Znf_CCCHx1","D8Ertd812e",\N,\N,\N
"1741","ENSMUSG00000002052","2010-03-18","2010-07-21","Supt6h","suppressor of Ty 6 homolog (S. cerevisiae) Gene [Source:MGI Symbol;Acc:MGI:107726]","Mus musculus","10090","S1x1","SPT6",\N,\N,\N
"1742","ENSMUSG00000002107","2010-03-18","2010-03-30","Cugbp2","CUG triplet repeat, RNA binding protein 2 Gene [Source:MGI Symbol;Acc:MGI:1338822]","Mus musculus","10090","RRMx3","Napor-2",\N,\N,\N
"1743","ENSMUSG00000002129","2010-03-18","2010-07-21","Sf3a1","splicing factor 3a, subunit 1 Gene [Source:MGI Symbol;Acc:MGI:1914715]","Mus musculus","10090","Surpx2","",\N,\N,\N
"1744","ENSMUSG00000002477","2010-03-18","2010-07-23","Snrpd1","small nuclear ribonucleoprotein D1 Gene [Source:MGI Symbol;Acc:MGI:98344]","Mus musculus","10090","LSmx1","SMD1",\N,\N,\N
"1745","ENSMUSG00000002524","2010-03-18","2010-05-07","Puf60","poly-U binding splicing factor 60 Gene [Source:MGI Symbol;Acc:MGI:1915209]","Mus musculus","10090","RRMx3","",\N,\N,\N
"1747","ENSMUSG00000003410","2010-03-18","2010-06-28","Elavl3","ELAV (embryonic lethal, abnormal vision, Drosophila)-like 3 (Hu antigen C) Gene [Source:MGI Symbol;Acc:MGI:109157]","Mus musculus","10090","RRMx3","mHuC",\N,\N,\N
"1750","ENSMUSG00000004980","2010-03-18","2010-05-20","Hnrnpa2b1","heterogeneous nuclear ribonucleoprotein A2/B1 Gene [Source:MGI Symbol;Acc:MGI:104819]","Mus musculus","10090","RRMx2","Hnrpa2b1",\N,\N,\N
"1751","ENSMUSG00000005506","2010-03-18","2010-03-30","Cugbp1","CUG triplet repeat, RNA binding protein 1 Gene [Source:MGI Symbol;Acc:MGI:1342295]","Mus musculus","10090","RRMx3","",\N,\N,\N
"1754","ENSMUSG00000006456","2010-03-18","2010-05-13","Rbm14","RNA binding motif protein 14 Gene [Source:MGI Symbol;Acc:MGI:1929092]","Mus musculus","10090","RRMx2","p16",\N,\N,\N
"1755","ENSMUSG00000006498","2010-03-18","2010-04-07","Ptbp1","polypyrimidine tract binding protein 1 Gene [Source:MGI Symbol;Acc:MGI:97791]","Mus musculus","10090","RRMx4","hnRNP I",\N,\N,\N
"1757","ENSMUSG00000007050","2010-03-18","2010-07-14","Lsm2","LSM2 homolog, U6 small nuclear RNA associated (S. cerevisiae) Gene [Source:MGI Symbol;Acc:MGI:90676]","Mus musculus","10090","LSmx1","D17H6S56E-2",\N,\N,\N
"1758","ENSMUSG00000007603","2010-03-18","2010-07-14","Dus3l","dihydrouridine synthase 3-like (S. cerevisiae) Gene [Source:MGI Symbol;Acc:MGI:2147092]","Mus musculus","10090","Znf_CCCHx2","",\N,\N,\N
"1759","ENSMUSG00000007670","2010-03-18","2010-07-08","Khsrp","KH-type splicing regulatory protein Gene [Source:MGI Symbol;Acc:MGI:1336214]","Mus musculus","10090","KHx4","KSRP",\N,\N,\N
"1760","ENSMUSG00000007836","2010-03-18","2010-05-07","Hnrnpa0","heterogeneous nuclear ribonucleoprotein A0 Gene [Source:MGI Symbol;Acc:MGI:1924384]","Mus musculus","10090","RRMx2","Hnrpa0",\N,\N,\N
"1761","ENSMUSG00000007850","2010-03-18","2010-04-25","Hnrnph1","heterogeneous nuclear ribonucleoprotein H1 Gene [Source:MGI Symbol;Acc:MGI:1891925]","Mus musculus","10090","RRMx3; Znf_CHHCx1","Hnrph1",\N,\N,\N
"1762","ENSMUSG00000008333","2010-03-18","2010-06-17","Snrpb2","U2 small nuclear ribonucleoprotein B Gene [Source:MGI Symbol;Acc:MGI:104805]","Mus musculus","10090","RRMx2","",\N,\N,\N
"1763","ENSMUSG00000008393","2010-03-18","2010-05-15","Carhsp1","calcium regulated heat stable protein 1 Gene [Source:MGI Symbol;Acc:MGI:1196368]","Mus musculus","10090","CSDx1","D16Ertd465e",\N,\N,\N
"1764","ENSMUSG00000008489","2010-03-18","2010-06-28","Elavl2","ELAV (embryonic lethal, abnormal vision, Drosophila)-like 2 (Hu antigen B) Gene [Source:MGI Symbol;Acc:MGI:1100887]","Mus musculus","10090","RRMx3","mel-N1",\N,\N,\N
"1765","ENSMUSG00000008658","2010-03-18","2010-04-07","A2bp1","ataxin 2 binding protein 1 Gene [Source:MGI Symbol;Acc:MGI:1926224]","Mus musculus","10090","RRMx1","HRNBP1",\N,\N,\N
"1766","ENSMUSG00000009076","2010-03-18","2010-04-28","Zmat5","zinc finger, matrin type 5 Gene [Source:MGI Symbol;Acc:MGI:1914428]","Mus musculus","10090","Znf_CCCHx1; Znf_U1-Cx1","D11Bwg1548e",\N,\N,\N
"1767","ENSMUSG00000009079","2010-03-18","2010-06-01","Ewsr1","Ewing sarcoma breakpoint region 1 Gene [Source:MGI Symbol;Acc:MGI:99960]","Mus musculus","10090","RRMx1; Znf_RanBP2x1","Ews",\N,\N,\N
"1768","ENSMUSG00000010205","2010-03-18","2010-05-30","Raver1","ribonucleoprotein, PTB-binding 1 Gene [Source:MGI Symbol;Acc:MGI:1919016]","Mus musculus","10090","RRMx3","",\N,\N,\N
"1769","ENSMUSG00000010362","2010-03-18","2010-07-23","Rdm1","RAD52 motif 1 Gene [Source:MGI Symbol;Acc:MGI:1913849]","Mus musculus","10090","RRMx1","Rad52b",\N,\N,\N
"1770","ENSMUSG00000010592","2010-03-18","2010-03-22","Dazl","deleted in azoospermia-like Gene [Source:MGI Symbol;Acc:MGI:1342328]","Mus musculus","10090","RRMx1","Tpx-2",\N,\N,\N
"1771","ENSMUSG00000010608","2010-03-18","2010-07-14","Rbm25","RNA binding motif protein 25 Gene [Source:MGI Symbol;Acc:MGI:1914289]","Mus musculus","10090","PWIx1","",\N,\N,\N
"1773","ENSMUSG00000011257","2010-03-18","2010-05-20","Pabpc4","poly(A) binding protein, cytoplasmic 4 Gene [Source:MGI Symbol;Acc:MGI:2385206]","Mus musculus","10090","RRMx4","",\N,\N,\N
"1774","ENSMUSG00000011306","2010-03-18","2010-05-03","Sf4","splicing factor 4 Gene [Source:MGI Symbol;Acc:MGI:1917866]","Mus musculus","10090","SURPx2","",\N,\N,\N
"1775","ENSMUSG00000013415","2010-03-18","2010-07-24","Igf2bp1","insulin-like growth factor 2 mRNA binding protein 1 Gene [Source:MGI Symbol;Acc:MGI:1890357]","Mus musculus","10090","RRMx2; KHx4","",\N,\N,\N
"1776","ENSMUSG00000014329","2010-03-18","2010-06-30","Bicc1","bicaudal C homolog 1 (Drosophila) Gene [Source:MGI Symbol;Acc:MGI:1933388]","Mus musculus","10090","KHx3; SAMx1","",\N,\N,\N
"1777","ENSMUSG00000015127","2010-03-18","2010-07-06","Unkl","unkempt-like (Drosophila) Gene [Source:MGI Symbol;Acc:MGI:1921404]","Mus musculus","10090","Znf_CCCHx3; Znf_RINGx1","",\N,\N,\N
"1778","ENSMUSG00000015165","2010-03-18","2010-05-13","Hnrnpl","heterogeneous nuclear ribonucleoprotein L Gene [Source:MGI Symbol;Acc:MGI:104816]","Mus musculus","10090","RRMx3","Hnrpl",\N,\N,\N
"1781","ENSMUSG00000015748","2010-03-18","2010-04-25","Prpf3","PRP3 pre-mRNA processing factor 3 homolog (yeast) Gene [Source:MGI Symbol;Acc:MGI:1918017]","Mus musculus","10090","PWIx1","",\N,\N,\N
"1782","ENSMUSG00000015757","2010-03-18","2010-05-15","Ppil4","peptidylprolyl isomerase (cyclophilin)-like 4 Gene [Source:MGI Symbol;Acc:MGI:1914668]","Mus musculus","10090","RRMx1","PPIase",\N,\N,\N
"1784","ENSMUSG00000016921","2010-03-18","2010-06-29","Sfrs6","splicing factor, arginine/serine-rich 6 Gene [Source:MGI Symbol;Acc:MGI:1915246]","Mus musculus","10090","RRMx2","",\N,\N,\N
"1785","ENSMUSG00000017478","2010-03-18","2010-04-28","Zc3h18","zinc finger CCCH-type containing 18 Gene [Source:MGI Symbol;Acc:MGI:1923264]","Mus musculus","10090","Znf_CCCHx1","",\N,\N,\N
"1786","ENSMUSG00000018379","2010-03-18","2010-04-27","Sfrs1","splicing factor, arginine/serine-rich 1 (ASF/SF2) Gene [Source:MGI Symbol;Acc:MGI:98283]","Mus musculus","10090","RRMx2","",\N,\N,\N
"1787","ENSMUSG00000018428","2010-03-18","2010-07-21","Akap1","A kinase (PRKA) anchor protein 1 Gene [Source:MGI Symbol;Acc:MGI:104729]","Mus musculus","10090","KHx1","S-AKAP84",\N,\N,\N
"1788","ENSMUSG00000018554","2010-03-18","2010-04-24","Ybx2","Y box protein 2 Gene [Source:MGI Symbol;Acc:MGI:1096372]","Mus musculus","10090","CSDx1","MSY2",\N,\N,\N
"1789","ENSMUSG00000018583","2010-03-18","2010-05-05","G3bp1","Ras-GTPase-activating protein SH3-domain binding protein 1 Gene [Source:MGI Symbol;Acc:MGI:1351465]","Mus musculus","10090","RRMx1","GAP SH3 binding protein",\N,\N,\N
"1790","ENSMUSG00000018727","2010-03-18","2010-07-23","Cpsf4l","cleavage and polyadenylation specific factor 4-like Gene [Source:MGI Symbol;Acc:MGI:1277182]","Mus musculus","10090","Znf_CCCHx4","D11Ertd636e",\N,\N,\N
"1791","ENSMUSG00000018765","2010-03-18","2010-05-05","Fxr2","fragile X mental retardation, autosomal homolog 2 Gene [Source:MGI Symbol;Acc:MGI:1346074]","Mus musculus","10090","KHx2","Fxr2h",\N,\N,\N
"1792","ENSMUSG00000018974","2010-03-18","2010-05-21","Sart3","squamous cell carcinoma antigen recognized by T-cells 3 Gene [Source:MGI Symbol;Acc:MGI:1858230]","Mus musculus","10090","RRMx2","",\N,\N,\N
"1793","ENSMUSG00000019297","2010-03-18","2010-07-14","2610027L16Rik","RIKEN cDNA 2610027L16 gene Gene [Source:MGI Symbol;Acc:MGI:1915092]","Mus musculus","10090","Pumx4","",\N,\N,\N
"1794","ENSMUSG00000020018","2010-03-18","2010-07-06","Snrpf","small nuclear ribonucleoprotein polypeptide F Gene [Source:MGI Symbol;Acc:MGI:1917128]","Mus musculus","10090","LSmx1","SMF",\N,\N,\N
"1795","ENSMUSG00000020116","2010-03-18","2010-05-03","Pno1","partner of NOB1 homolog (S. cerevisiae) Gene [Source:MGI Symbol;Acc:MGI:1913499]","Mus musculus","10090","KHx1","expressed during mesenchymal induction 3",\N,\N,\N
"1796","ENSMUSG00000020180","2010-03-18","2010-07-20","Snrpd3","small nuclear ribonucleoprotein D3 Gene [Source:MGI Symbol;Acc:MGI:1914582]","Mus musculus","10090","LSmx1","SMD3",\N,\N,\N
"1797","ENSMUSG00000020300","2010-03-18","2010-07-06","Cpeb4","cytoplasmic polyadenylation element binding protein 4 Gene [Source:MGI Symbol;Acc:MGI:1914829]","Mus musculus","10090","RRMx2","",\N,\N,\N
"1798","ENSMUSG00000020358","2010-03-18","2010-05-05","Hnrnpab","heterogeneous nuclear ribonucleoprotein A/B Gene [Source:MGI Symbol;Acc:MGI:1330294]","Mus musculus","10090","RRMx2","Hnrpab",\N,\N,\N
"1799","ENSMUSG00000020464","2010-03-18","2010-07-21","Pnpt1","polyribonucleotide nucleotidyltransferase 1 Gene [Source:MGI Symbol;Acc:MGI:1918951]","Mus musculus","10090","KHx1; S1x1","polynucleotide phosphorylase",\N,\N,\N
"1800","ENSMUSG00000020594","2010-03-18","2010-04-29","Pum2","pumilio 2 (Drosophila) Gene [Source:MGI Symbol;Acc:MGI:1931751]","Mus musculus","10090","PUMx1","Pumm2",\N,\N,\N
"1801","ENSMUSG00000020680","2010-03-18","2010-07-24","Taf15","TAF15 RNA polymerase II, TATA box binding protein (TBP)-associated factor Gene [Source:MGI Symbol;Acc:MGI:1917689]","Mus musculus","10090","RRMx1","TAFII68",\N,\N,\N
"1802","ENSMUSG00000020721","2010-03-18","2010-04-28","Helz","helicase with zinc finger domain Gene [Source:MGI Symbol;Acc:MGI:1925705]","Mus musculus","10090","Znf_CCCHx1","",\N,\N,\N
"1803","ENSMUSG00000020770","2010-03-18","2010-07-06","Unk","unkempt homolog (Drosophila) Gene [Source:MGI Symbol;Acc:MGI:2442456]","Mus musculus","10090","Znf_CCCHx5","Zc3h5",\N,\N,\N
"1804","ENSMUSG00000021012","2010-03-18","2010-04-28","Zc3h14","zinc finger CCCH type containing 14 Gene [Source:MGI Symbol;Acc:MGI:1919824]","Mus musculus","10090","Znf_CCCHx2","",\N,\N,\N
"1805","ENSMUSG00000021040","2010-03-18","2010-04-05","1810035L17Rik","RIKEN cDNA 1810035L17 gene Gene [Source:MGI Symbol;Acc:MGI:1916394]","Mus musculus","10090","RRMx1","",\N,\N,\N
"1806","ENSMUSG00000021047","2010-03-18","2010-06-19","Nova1","neuro-oncological ventral antigen 1 Gene [Source:MGI Symbol;Acc:MGI:104297]","Mus musculus","10090","KHx1","",\N,\N,\N
"1807","ENSMUSG00000021116","2010-03-18","2010-07-20","Eif2s1","eukaryotic translation initiation factor 2, subunit 1 alpha Gene [Source:MGI Symbol;Acc:MGI:95299]","Mus musculus","10090","S1x1","eIF2alpha",\N,\N,\N
"1808","ENSMUSG00000021127","2010-03-18","2010-04-27","Zfp36l1","zinc finger protein 36, C3H type-like 1 Gene [Source:MGI Symbol;Acc:MGI:107946]","Mus musculus","10090","Znf_CCCHx2","TIS11b",\N,\N,\N
"1809","ENSMUSG00000021134","2010-03-18","2010-07-22","Sfrs5","splicing factor, arginine/serine-rich 5 (SRp40, HRS) Gene [Source:MGI Symbol;Acc:MGI:98287]","Mus musculus","10090","RRMx2","",\N,\N,\N
"1810","ENSMUSG00000021392","2010-03-18","2010-07-14","Nol8","nucleolar protein 8 Gene [Source:MGI Symbol;Acc:MGI:1918180]","Mus musculus","10090","RRMx1","D13Ertd548e",\N,\N,\N
"1811","ENSMUSG00000021546","2010-03-18","2010-07-01","Hnrnpk","heterogeneous nuclear ribonucleoprotein K Gene [Source:MGI Symbol;Acc:MGI:99894]","Mus musculus","10090","KHx3","hnRNPK",\N,\N,\N
"1813","ENSMUSG00000021838","2010-03-18","2010-04-29","Samd4","sterile alpha motif domain containing 4 Gene [Source:MGI Symbol;Acc:MGI:1921730]","Mus musculus","10090","SAMx1","Smaug",\N,\N,\N
"1814","ENSMUSG00000021938","2010-03-18","2010-05-13","Pspc1","paraspeckle protein 1 Gene [Source:MGI Symbol;Acc:MGI:1913895]","Mus musculus","10090","RRMx2","","0","Binds ssDNA, dsDNA (PMID: 8355702)g",\N
"1815","ENSMUSG00000022000","2010-03-18","2010-04-28","Zc3h13","zinc finger CCCH type containing 13 Gene [Source:MGI Symbol;Acc:MGI:1914552]","Mus musculus","10090","Znf_CCCHx1","C87618",\N,\N,\N
"1816","ENSMUSG00000022012","2010-03-18","2010-03-31","Enox1","ecto-NOX disulfide-thiol exchanger 1 Gene [Source:MGI Symbol;Acc:MGI:2444896]","Mus musculus","10090","RRMx1","",\N,\N,\N
"1817","ENSMUSG00000022119","2010-03-18","2010-05-15","Rbm26","RNA binding motif protein 26 Gene [Source:MGI Symbol;Acc:MGI:1921463]","Mus musculus","10090","RRMx2; Znf_CCCHx1","Pro1777",\N,\N,\N
"1818","ENSMUSG00000022139","2010-03-18","2010-06-17","Mbnl2","muscleblind-like 2 Gene [Source:MGI Symbol;Acc:MGI:2145597]","Mus musculus","10090","Znf_CCCHx4","",\N,\N,\N
"1819","ENSMUSG00000022185","2010-03-18","2010-03-22","Acin1","apoptotic chromatin condensation inducer 1 Gene [Source:MGI Symbol;Acc:MGI:1891824]","Mus musculus","10090","RRMx1","Acinus",\N,\N,\N
"1820","ENSMUSG00000022283","2010-03-18","2010-05-20","Pabpc1","poly(A) binding protein, cytoplasmic 1 Gene [Source:MGI Symbol;Acc:MGI:1349722]","Mus musculus","10090","RRMx4","Pabpl1",\N,\N,\N
"1821","ENSMUSG00000022332","2010-03-18","2010-05-13","Khdrbs3","KH domain containing, RNA binding, signal transduction associated 3 Gene [Source:MGI Symbol;Acc:MGI:1313312]","Mus musculus","10090","KHx1","T-STAR",\N,\N,\N
"1822","ENSMUSG00000022390","2010-03-18","2010-04-28","Zc3h7b","zinc finger CCCH type containing 7B Gene [Source:MGI Symbol;Acc:MGI:1328310]","Mus musculus","10090","Znf_CCCHx5","Scrg3",\N,\N,\N
"1826","ENSMUSG00000022635","2010-03-18","2010-04-28","Zcrb1","zinc finger CCHC-type and RNA binding motif 1 Gene [Source:MGI Symbol;Acc:MGI:1914447]","Mus musculus","10090","RRMx1; Znf_CCHCx1","",\N,\N,\N
"1828","ENSMUSG00000022721","2010-03-18","2010-07-21","Trmt2a","TRM2 tRNA methyltransferase 2 homolog A (S. cerevisiae) Gene [Source:MGI Symbol;Acc:MGI:96270]","Mus musculus","10090","RRMx1","Htf9c",\N,\N,\N
"1830","ENSMUSG00000022858","2010-03-18","2010-05-14","Tra2b","transformer 2 beta homolog (Drosophila) Gene [Source:MGI Symbol;Acc:MGI:106016]","Mus musculus","10090","RRMx1","TRA2beta",\N,\N,\N
"1832","ENSMUSG00000022973","2010-03-18","2010-04-27","Synj1","synaptojanin 1 Gene [Source:MGI Symbol;Acc:MGI:1354961]","Mus musculus","10090","RRMx1","",\N,\N,\N
"1833","ENSMUSG00000022983","2010-03-18","2010-05-13","Sfrs15","splicing factor, arginine/serine-rich 15 Gene [Source:MGI Symbol;Acc:MGI:2146350]","Mus musculus","10090","RRMx1","Sra4",\N,\N,\N
"1834","ENSMUSG00000023025","2010-03-18","2010-07-23","Larp4","La ribonucleoprotein domain family, member 4 Gene [Source:MGI Symbol;Acc:MGI:2443114]","Mus musculus","10090","Lax1; RRMx1","",\N,\N,\N
"1835","ENSMUSG00000023495","2010-03-18","2010-05-13","Pcbp4","poly(rC) binding protein 4 Gene [Source:MGI Symbol;Acc:MGI:1890471]","Mus musculus","10090","KHx3","AlphaCP-4",\N,\N,\N
"1836","ENSMUSG00000023805","2010-03-18","2010-07-21","Synj2","synaptojanin 2 Gene [Source:MGI Symbol;Acc:MGI:1201671]","Mus musculus","10090","RRMx1","SJ2",\N,\N,\N
"1837","ENSMUSG00000024095","2010-03-18","2010-03-31","Hnrpll","heterogeneous nuclear ribonucleoprotein L-like Gene [Source:MGI Symbol;Acc:MGI:1919942]","Mus musculus","10090","RRMx3","",\N,\N,\N
"1838","ENSMUSG00000024097","2010-03-18","2010-07-19","Sfrs7","splicing factor, arginine/serine-rich 7 Gene [Source:MGI Symbol;Acc:MGI:1926232]","Mus musculus","10090","RRMx1; Znf_CCHCx1","NX-96",\N,\N,\N
"1839","ENSMUSG00000024135","2010-03-18","2010-05-01","Srbd1","S1 RNA binding domain 1 Gene [Source:MGI Symbol;Acc:MGI:1925836]","Mus musculus","10090","S1x1","",\N,\N,\N
"1841","ENSMUSG00000024246","2010-03-18","2010-07-23","Thumpd2","THUMP domain containing 2 Gene [Source:MGI Symbol;Acc:MGI:1919417]","Mus musculus","10090","THUMPx1","",\N,\N,\N
"1842","ENSMUSG00000024268","2010-03-18","2010-03-30","Brunol4","bruno-like 4, RNA binding protein (Drosophila) Gene [Source:MGI Symbol;Acc:MGI:1932407]","Mus musculus","10090","RRMx3","BRUNOL-4",\N,\N,\N
"1843","ENSMUSG00000024369","2010-03-18","2010-07-20","Rdbp","RD RNA-binding protein Gene [Source:MGI Symbol;Acc:MGI:102744]","Mus musculus","10090","RRMx1","NELF-E",\N,\N,\N
"1847","ENSMUSG00000024483","2010-03-18","2010-05-13","Ankhd1","ankyrin repeat and KH domain containing 1 Gene [Source:MGI Symbol;Acc:MGI:1921733]","Mus musculus","10090","KHx1","4E-BP3",\N,\N,\N
"1848","ENSMUSG00000024491","2010-03-18","2010-05-15","Rbm27","RNA binding motif protein 27 Gene [Source:MGI Symbol;Acc:MGI:2147194]","Mus musculus","10090","RRMx1; Znf_CCCHx1","Psc1",\N,\N,\N
"1849","ENSMUSG00000024604","2010-03-18","2010-04-28","Rbm22","RNA binding motif protein 22 Gene [Source:MGI Symbol;Acc:MGI:1914060]","Mus musculus","10090","RRMx1; Znf_CCCHx1; Znf_CCHCx1","",\N,\N,\N
"1852","ENSMUSG00000024949","2010-03-18","2010-07-08","Sf1","splicing factor 1 Gene [Source:MGI Symbol;Acc:MGI:1095403]","Mus musculus","10090","KHx1; Znf_CCHCx1","Zfp162",\N,\N,\N
"1853","ENSMUSG00000025047","2010-03-18","2010-07-21","Pdcd11","programmed cell death 11 Gene [Source:MGI Symbol;Acc:MGI:1341788]","Mus musculus","10090","S1x13","ALG-4",\N,\N,\N
"1854","ENSMUSG00000025134","2010-03-18","2010-06-29","Thoc4","THO complex 4 Gene [Source:MGI Symbol;Acc:MGI:1341044]","Mus musculus","10090","RRMx1","Refbp1",\N,\N,\N
"1855","ENSMUSG00000025571","2010-03-18","2010-05-11","Tnrc6c","trinucleotide repeat containing 6C Gene [Source:MGI Symbol;Acc:MGI:2443265]","Mus musculus","10090","RRMx1","",\N,\N,\N
"1856","ENSMUSG00000025576","2010-03-18","2010-04-07","D11Bwg0517e","Fox-1 homolog C  [Source:UniProtKB/Swiss-Prot;Acc:Q8BIF2]","Mus musculus","10090","RRMx1","",\N,\N,\N
"1857","ENSMUSG00000025586","2010-03-18","2010-04-01","Cpeb1","cytoplasmic polyadenylation element binding protein 1 Gene [Source:MGI Symbol;Acc:MGI:108442]","Mus musculus","10090","RRMx2","",\N,\N,\N
"1859","ENSMUSG00000025899","2010-03-18","2010-03-22","Alkbh8","alkB, alkylation repair homolog 8 (E. coli) Gene [Source:MGI Symbol;Acc:MGI:1914917]","Mus musculus","10090","RRMx1","Abh8",\N,\N,\N
"1860","ENSMUSG00000025977","2010-03-18","2010-03-30","Boll","bol, boule-like (Drosophila) Gene [Source:MGI Symbol;Acc:MGI:1922638]","Mus musculus","10090","RRMx1","",\N,\N,\N
"1861","ENSMUSG00000026058","2010-03-18","2010-05-13","Khdrbs2","KH domain containing, RNA binding, signal transduction associated 2 Gene [Source:MGI Symbol;Acc:MGI:2159649]","Mus musculus","10090","KHx1","SLM-1",\N,\N,\N
"1862","ENSMUSG00000026234","2010-03-18","2010-07-23","Ncl","nucleolin Gene [Source:MGI Symbol;Acc:MGI:97286]","Mus musculus","10090","RRMx4","C23",\N,\N,\N
"1864","ENSMUSG00000026377","2010-03-18","2010-04-06","Mki67ip","Mki67 (FHA domain) interacting nucleolar phosphoprotein Gene [Source:MGI Symbol;Acc:MGI:1915199]","Mus musculus","10090","RRMx1","NIFK",\N,\N,\N
"1865","ENSMUSG00000026427","2010-03-18","2010-04-25","Lgtn","ligatin Gene [Source:MGI Symbol;Acc:MGI:109342]","Mus musculus","10090","PUAx1","D1Ertd5e",\N,\N,\N
"1867","ENSMUSG00000026464","2010-03-18","2010-04-28","Zc3h11a","zinc finger CCCH type containing 11A Gene [Source:MGI Symbol;Acc:MGI:1917829]","Mus musculus","10090","Znf_CCCHx3","",\N,\N,\N
"1868","ENSMUSG00000026667","2010-03-18","2010-07-20","Uhmk1","U2AF homology motif (UHM) kinase 1 Gene [Source:MGI Symbol;Acc:MGI:1341908]","Mus musculus","10090","RRMx1","OTTMUSG00000021542",\N,\N,\N
"1869","ENSMUSG00000026707","2010-03-18","2010-07-21","Nsun6","NOL1/NOP2/Sun domain family member 6 Gene [Source:MGI Symbol;Acc:MGI:1921705]","Mus musculus","10090","PUAx1","NOPD1",\N,\N,\N
"1872","ENSMUSG00000026843","2010-03-18","2010-07-08","Fubp3","far upstream element (FUSE) binding protein 3 Gene [Source:MGI Symbol;Acc:MGI:2443699]","Mus musculus","10090","KHx4","FBP3",\N,\N,\N
"1873","ENSMUSG00000026889","2010-03-18","2010-07-14","Rbm18","RNA binding motif protein 18 Gene [Source:MGI Symbol;Acc:MGI:1915139]","Mus musculus","10090","RRMx1","",\N,\N,\N
"1874","ENSMUSG00000026970","2010-03-18","2010-05-13","Rbms1","RNA binding motif, single stranded interacting protein 1 Gene [Source:MGI Symbol;Acc:MGI:1861774]","Mus musculus","10090","RRMx2","MSSP-3",\N,\N,\N
"1876","ENSMUSG00000027091","2010-03-18","2010-04-28","Zc3h15","zinc finger CCCH-type containing 15 Gene [Source:MGI Symbol;Acc:MGI:1919747]","Mus musculus","10090","Znf_CCCHx2","Ierepo4",\N,\N,\N
"1877","ENSMUSG00000027201","2010-03-18","2010-04-06","Myef2","myelin basic protein expression factor 2, repressor Gene [Source:MGI Symbol;Acc:MGI:104592]","Mus musculus","10090","RRMx3","",\N,\N,\N
"1878","ENSMUSG00000027387","2010-03-18","2010-04-28","Zc3h8","zinc finger CCCH type containing 8 Gene [Source:MGI Symbol;Acc:MGI:1930128]","Mus musculus","10090","Znf_CCCHx3","Fliz1","0","dsDNA binding (PMID: 12077251)",\N
"1879","ENSMUSG00000027404","2010-03-18","2010-07-20","Snrpb","small nuclear ribonucleoprotein B Gene [Source:MGI Symbol;Acc:MGI:98342]","Mus musculus","10090","LSmx1","SNRNP-B",\N,\N,\N
"1880","ENSMUSG00000027510","2010-03-18","2010-07-23","Rbm38","RNA binding motif protein 38 Gene [Source:MGI Symbol;Acc:MGI:1889294]","Mus musculus","10090","RRMx1","Seb4l",\N,\N,\N
"1881","ENSMUSG00000027582","2010-03-18","2010-04-25","Zgpat","Lck interacting transmembrane adaptor 1 Gene [Source:MGI Symbol;Acc:MGI:1919949]","Mus musculus","10090","Znf_CCCHx1","LIME","0","",\N
"1883","ENSMUSG00000027593","2010-03-18","2010-05-07","Raly","RIKEN cDNA C130057N11 gene Gene [Source:MGI Symbol;Acc:MGI:2139044]","Mus musculus","10090","RRMx1","Merc",\N,\N,\N
"1885","ENSMUSG00000027620","2010-03-18","2010-07-14","Rbm39","RNA binding motif protein 39 Gene [Source:MGI Symbol;Acc:MGI:2157953]","Mus musculus","10090","RRMx3","caper",\N,\N,\N
"1887","ENSMUSG00000027677","2010-03-18","2010-07-23","Ttc14","tetratricopeptide repeat domain 14 Gene [Source:MGI Symbol;Acc:MGI:1914370]","Mus musculus","10090","S1x1","cI-44",\N,\N,\N
"1888","ENSMUSG00000027680","2010-03-18","2010-05-05","Fxr1","fragile X mental retardation gene 1, autosomal homolog Gene [Source:MGI Symbol;Acc:MGI:104860]","Mus musculus","10090","KHx2","Fxr1p",\N,\N,\N
"1889","ENSMUSG00000027763","2010-03-18","2010-06-17","Mbnl1","muscleblind-like 1 (Drosophila) Gene [Source:MGI Symbol;Acc:MGI:1928482]","Mus musculus","10090","Znf_CCCHx4","",\N,\N,\N
"1890","ENSMUSG00000027968","2010-03-18","2010-07-06","Larp7","La ribonucleoprotein domain family, member 7 Gene [Source:MGI Symbol;Acc:MGI:107634]","Mus musculus","10090","RRMx2; Lax1","D3Wsu161e",\N,\N,\N
"1891","ENSMUSG00000027981","2010-03-18","2010-07-21","Rnpc3","RNA-binding region (RNP1, RRM) containing 3 Gene [Source:MGI Symbol;Acc:MGI:1914475]","Mus musculus","10090","RRMx2","",\N,\N,\N
"1893","ENSMUSG00000028034","2010-03-18","2010-07-08","Fubp1","far upstream element (FUSE) binding protein 1 Gene [Source:MGI Symbol;Acc:MGI:1196294]","Mus musculus","10090","KHx4","Fubp4",\N,\N,\N
"1894","ENSMUSG00000028134","2010-03-18","2010-04-07","Ptbp2","polypyrimidine tract binding protein 2 Gene [Source:MGI Symbol;Acc:MGI:1860489]","Mus musculus","10090","RRMx4","brPTB",\N,\N,\N
"1895","ENSMUSG00000028137","2010-03-18","2010-03-30","Tnrc4","trinucleotide repeat containing 4 Gene [Source:MGI Symbol;Acc:MGI:1926034]","Mus musculus","10090","RRMx3","BRUNOL1",\N,\N,\N
"1897","ENSMUSG00000028382","2010-03-18","2010-04-07","Rod1","ROD1 regulator of differentiation 1 (S. pombe) Gene [Source:MGI Symbol;Acc:MGI:1923334]","Mus musculus","10090","RRMx4","",\N,\N,\N
"1899","ENSMUSG00000028546","2010-03-18","2010-06-28","Elavl4","ELAV (embryonic lethal, abnormal vision, Drosophila)-like 4 (Hu antigen D) Gene [Source:MGI Symbol;Acc:MGI:107427]","Mus musculus","10090","RRMx3","Hud",\N,\N,\N
"1900","ENSMUSG00000028580","2010-03-18","2010-04-29","Pum1","pumilio 1 (Drosophila) Gene [Source:MGI Symbol;Acc:MGI:1931749]","Mus musculus","10090","PUMx1","Pumm",\N,\N,\N
"1901","ENSMUSG00000028639","2010-03-18","2010-04-24","Ybx1","Y box protein 1 Gene [Source:MGI Symbol;Acc:MGI:99146]","Mus musculus","10090","CSDx1","DNA binding protein B",\N,\N,\N
"1902","ENSMUSG00000028651","2010-03-18","2010-07-20","Ppie","peptidylprolyl isomerase E (cyclophilin E) Gene [Source:MGI Symbol;Acc:MGI:1917118]","Mus musculus","10090","RRMx1","",\N,\N,\N
"1905","ENSMUSG00000028676","2010-03-18","2010-04-07","Sfrs13a","splicing factor, arginine/serine-rich 13A Gene [Source:MGI Symbol;Acc:MGI:1333805]","Mus musculus","10090","RRMx1","SRrp40",\N,\N,\N
"1906","ENSMUSG00000028688","2010-03-18","2010-07-23","Toe1","target of EGR1, member 1 (nuclear) Gene [Source:MGI Symbol;Acc:MGI:1915526]","Mus musculus","10090","Znf_CCCHx1","",\N,\N,\N
"1907","ENSMUSG00000028772","2010-03-18","2010-04-28","Zcchc17","zinc finger, CCHC domain containing 17 Gene [Source:MGI Symbol;Acc:MGI:1919955]","Mus musculus","10090","S1x1; Znf_CCHCx1","HSPC251",\N,\N,\N
"1908","ENSMUSG00000028790","2010-03-18","2010-04-25","Khdrbs1","KH domain containing, RNA binding, signal transduction associated 1 Gene [Source:MGI Symbol;Acc:MGI:893579]","Mus musculus","10090","KHx1","Sam68",\N,\N,\N
"1910","ENSMUSG00000028809","2010-03-18","2010-06-29","Srrm1","serine/arginine repetitive matrix 1 Gene [Source:MGI Symbol;Acc:MGI:1858303]","Mus musculus","10090","PWIx1","SRm160",\N,\N,\N
"1911","ENSMUSG00000028820","2010-03-18","2010-05-07","Sfpq","splicing factor proline/glutamine rich (polypyrimidine tract binding protein associated) Gene [Source:MGI Symbol;Acc:MGI:1918764]","Mus musculus","10090","RRMx2","D4Ertd314e","0","Binds ssDNA, dsDNA (PMID: 8355702)",\N
"1914","ENSMUSG00000028898","2010-03-18","2010-07-14","Trnau1ap","tRNA selenocysteine 1 associated protein 1 Gene [Source:MGI Symbol;Acc:MGI:1919037]","Mus musculus","10090","RRMx2","Trspap1",\N,\N,\N
"1915","ENSMUSG00000028911","2010-03-18","2010-06-29","Sfrs4","splicing factor, arginine/serine-rich 4 (SRp75) Gene [Source:MGI Symbol;Acc:MGI:1890577]","Mus musculus","10090","RRMx2","MNCb-2616",\N,\N,\N
"1918","ENSMUSG00000029167","2010-03-18","2010-04-05","Ppargc1a","peroxisome proliferative activated receptor, gamma, coactivator 1 alpha Gene [Source:MGI Symbol;Acc:MGI:1342774]","Mus musculus","10090","RRMx1","",\N,\N,\N
"1920","ENSMUSG00000029328","2010-03-18","2010-05-05","Hnrpdl","heterogeneous nuclear ribonucleoprotein D-like Gene [Source:MGI Symbol;Acc:MGI:1355299]","Mus musculus","10090","RRMx2","D5Ertd650e",\N,\N,\N
"1921","ENSMUSG00000029402","2010-03-18","2010-07-23","Snrnp35","small nuclear ribonucleoprotein 35 (U11/U12) Gene [Source:MGI Symbol;Acc:MGI:1923417]","Mus musculus","10090","RRMx1","",\N,\N,\N
"1922","ENSMUSG00000029405","2010-03-18","2010-05-13","G3bp2","GTPase activating protein (SH3 domain) binding protein 2 Gene [Source:MGI Symbol;Acc:MGI:2442040]","Mus musculus","10090","RRMx1","G3BP2",\N,\N,\N
"1923","ENSMUSG00000029439","2010-03-18","2010-04-30","Sfrs8","splicing factor, arginine/serine-rich 8 Gene [Source:MGI Symbol;Acc:MGI:101760]","Mus musculus","10090","SURPx2","",\N,\N,\N
"1924","ENSMUSG00000029538","2010-03-18","2010-06-29","Sfrs9","splicing factor, arginine/serine rich 9 Gene [Source:MGI Symbol;Acc:MGI:104896]","Mus musculus","10090","RRMx2","SRp30c",\N,\N,\N
"1925","ENSMUSG00000029594","2010-03-18","2010-03-31","Rbm19","RNA binding motif protein 19 Gene [Source:MGI Symbol;Acc:MGI:1921361]","Mus musculus","10090","RRMx6","",\N,\N,\N
"1926","ENSMUSG00000029625","2010-03-18","2010-07-06","Cpsf4","cleavage and polyadenylation specific factor 4 Gene [Source:MGI Symbol;Acc:MGI:1861602]","Mus musculus","10090","Znf_CCCHx5; Znf_CCHCx1","30kDa",\N,\N,\N
"1927","ENSMUSG00000029701","2010-03-18","2010-07-21","Rbm28","RNA binding motif protein 28 Gene [Source:MGI Symbol;Acc:MGI:2655711]","Mus musculus","10090","RRMx4","",\N,\N,\N
"1929","ENSMUSG00000029814","2010-03-18","2010-07-24","Igf2bp3","insulin-like growth factor 2 mRNA binding protein 3 Gene [Source:MGI Symbol;Acc:MGI:1890359]","Mus musculus","10090","RRMx2; KHx4","Koc13",\N,\N,\N
"1930","ENSMUSG00000029817","2010-03-18","2010-05-14","Tra2a","transformer 2 alpha homolog (Drosophila) Gene [Source:MGI Symbol;Acc:MGI:1933972]","Mus musculus","10090","RRMx1","",\N,\N,\N
"1931","ENSMUSG00000029826","2010-03-18","2010-07-24","Zc3hav1","zinc finger CCCH type, antiviral 1 Gene [Source:MGI Symbol;Acc:MGI:1926031]","Mus musculus","10090","Znf_CCCHx1","ZAP",\N,\N,\N
"1934","ENSMUSG00000029922","2010-03-18","2010-07-14","Mkrn1","makorin, ring finger protein, 1 Gene [Source:MGI Symbol;Acc:MGI:1859353]","Mus musculus","10090","Znf_CCCHx4; Znf_RING","",\N,\N,\N
"1935","ENSMUSG00000030016","2010-03-18","2010-04-28","Zfml","zinc finger, matrin-like Gene [Source:MGI Symbol;Acc:MGI:1203484]","Mus musculus","10090","RRMx2; Znf_C2H2x2","mNP220","0","dsDNA binding (PMID:8647861)",\N
"1936","ENSMUSG00000030189","2010-03-18","2010-04-24","Csda","cold shock domain protein A Gene [Source:MGI Symbol;Acc:MGI:2137670]","Mus musculus","10090","CSDx1","oxyR",\N,\N,\N
"1937","ENSMUSG00000030264","2010-03-18","2010-07-23","Thumpd3","THUMP domain containing 3 Gene [Source:MGI Symbol;Acc:MGI:1277973]","Mus musculus","10090","THUMPx1","Gtrosa26as",\N,\N,\N
"1938","ENSMUSG00000030435","2010-03-18","2010-05-10","U2af2","U2 small nuclear ribonucleoprotein auxiliary factor (U2AF) 2 Gene [Source:MGI Symbol;Acc:MGI:98886]","Mus musculus","10090","RRMx3","",\N,\N,\N
"1939","ENSG00000149273","2010-03-18",\N,"Rps3","ribosomal protein S3 Gene [Source:MGI Symbol;Acc:MGI:1350917]","Mus musculus","10090",\N,"D7Ertd795e","0","nonspecific binder",\N
"1940","ENSMUSG00000030795","2010-03-18","2010-06-01","Fus","fusion, derived from t(12;16) malignant liposarcoma (human) Gene [Source:MGI Symbol;Acc:MGI:1353633]","Mus musculus","10090","RRMx1; Znf_RanBP2x1","translocated in liposarcoma",\N,\N,\N
"1941","ENSMUSG00000030846","2010-03-18","2010-05-10","Tial1","Tia1 cytotoxic granule-associated RNA binding protein-like 1 Gene [Source:MGI Symbol;Acc:MGI:107913]","Mus musculus","10090","RRMx3","mTIAR",\N,\N,\N
"1943","ENSMUSG00000030942","2010-03-18","2010-05-01","Thumpd1","THUMP domain containing 1 Gene [Source:MGI Symbol;Acc:MGI:2444479]","Mus musculus","10090","THUMPx1","",\N,\N,\N
"1945","ENSMUSG00000031060","2010-03-18","2010-04-24","Rbm10","RNA binding motif protein 10 Gene [Source:MGI Symbol;Acc:MGI:2384310]","Mus musculus","10090","RRMx2; Znf_C2H2x1; Znf_RanBP2","",\N,\N,\N
"1947","ENSMUSG00000031107","2010-03-18","2010-07-18","Rbmx2","RNA binding motif protein, X-linked 2 Gene [Source:MGI Symbol;Acc:MGI:1919414]","Mus musculus","10090","RRMx1","CGI-79",\N,\N,\N
"1948","ENSMUSG00000031109","2010-03-18","2010-05-13","Enox2","ecto-NOX disulfide-thiol exchanger 2 Gene [Source:MGI Symbol;Acc:MGI:2384799]","Mus musculus","10090","RRMx1","Cova1",\N,\N,\N
"1949","ENSMUSG00000031134","2010-03-18","2010-07-18","Rbmx","RNA binding motif protein, X chromosome Gene [Source:MGI Symbol;Acc:MGI:1343044]","Mus musculus","10090","RRMx1","",\N,\N,\N
"1950","ENSMUSG00000031167","2010-03-18","2010-04-05","Rbm3","RNA binding motif protein 3 Gene [Source:MGI Symbol;Acc:MGI:1099460]","Mus musculus","10090","RRMx1","",\N,\N,\N
"1951","ENSMUSG00000031256","2010-03-18","2010-05-03","Cstf2","cleavage stimulation factor, 3' pre-RNA subunit 2 Gene [Source:MGI Symbol;Acc:MGI:1343054]","Mus musculus","10090","RRMx1","Cstf64",\N,\N,\N
"1952","ENSMUSG00000031311","2010-03-18","2010-05-07","Nono","non-POU-domain-containing, octamer binding protein Gene [Source:MGI Symbol;Acc:MGI:1855692]","Mus musculus","10090","RRMx2","P54NRB","0","Binds ssDNA, dsDNA (PMID: 8355702)",\N
"1953","ENSMUSG00000031370","2010-03-18","2010-04-25","Zrsr2","zinc finger (CCCH type), RNA binding motif and serine/arginine rich 2 Gene [Source:MGI Symbol;Acc:MGI:103287]","Mus musculus","10090","RRMx1; Znf_CCCHx1","U2af1-rs2",\N,\N,\N
"1954","ENSMUSG00000031403","2010-03-18","2010-05-07","Dkc1","dyskeratosis congenita 1, dyskerin homolog (human) Gene [Source:MGI Symbol;Acc:MGI:1861727]","Mus musculus","10090","PUAx1","",\N,\N,\N
"1955","ENSMUSG00000031433","2010-03-18","2010-04-28","Rbm41","RNA binding motif protein 41 Gene [Source:MGI Symbol;Acc:MGI:2444923]","Mus musculus","10090","RRMx1","",\N,\N,\N
"1957","ENSMUSG00000031586","2010-03-18","2010-07-01","Rbpms","RNA binding protein gene with multiple splicing Gene [Source:MGI Symbol;Acc:MGI:1334446]","Mus musculus","10090","RRMx1","hermes",\N,\N,\N
"1958","ENSMUSG00000031683","2010-03-18","2010-07-20","Lsm6","LSM6 homolog, U6 small nuclear RNA associated (S. cerevisiae) Gene [Source:MGI Symbol;Acc:MGI:1925901]","Mus musculus","10090","LSmx1","",\N,\N,\N
"1959","ENSMUSG00000031816","2010-03-18","2010-04-06","Mthfsd","methenyltetrahydrofolate synthetase domain containing Gene [Source:MGI Symbol;Acc:MGI:2679252]","Mus musculus","10090","RRMx1","",\N,\N,\N
"1960","ENSMUSG00000031848","2010-03-18","2010-07-20","Lsm4","LSM4 homolog, U6 small nuclear RNA associated (S. cerevisiae) Gene [Source:MGI Symbol;Acc:MGI:1354692]","Mus musculus","10090","LSmx1","",\N,\N,\N
"1961","ENSMUSG00000031917","2010-03-18","2010-07-21","Nip7","nuclear import 7 homolog (S. cerevisiae) Gene [Source:MGI Symbol;Acc:MGI:1913414]","Mus musculus","10090","PUAx1","",\N,\N,\N
"1962","ENSMUSG00000032212","2010-03-18","2010-07-21","Sltm","SAFB-like, transcription modulator Gene [Source:MGI Symbol;Acc:MGI:1913910]","Mus musculus","10090","RRMx1","",\N,\N,\N
"1963","ENSMUSG00000032297","2010-03-18","2010-03-30","Brunol6","bruno-like 6, RNA binding protein (Drosophila) Gene [Source:MGI Symbol;Acc:MGI:1923433]","Mus musculus","10090","RRMx3","Brunol6",\N,\N,\N
"1964","ENSMUSG00000032387","2010-03-18","2010-07-01","Rbpms2","RNA binding protein with multiple splicing 2 Gene [Source:MGI Symbol;Acc:MGI:1919223]","Mus musculus","10090","RRMx1","",\N,\N,\N
"1965","ENSMUSG00000032407","2010-03-18","2010-04-07","2610101N10Rik","RIKEN cDNA 2610101N10 gene Gene [Source:MGI Symbol;Acc:MGI:1915208]","Mus musculus","10090","RRMx1; Surpx1","",\N,\N,\N
"1966","ENSMUSG00000032423","2010-03-18","2010-05-03","Syncrip","synaptotagmin binding, cytoplasmic RNA interacting protein Gene [Source:MGI Symbol;Acc:MGI:1891690]","Mus musculus","10090","RRMx3","RRM RNA binding protein GRY-RBP",\N,\N,\N
"1968","ENSMUSG00000032580","2010-03-18","2010-04-24","Rbm5","RNA binding motif protein 5 Gene [Source:MGI Symbol;Acc:MGI:1933204]","Mus musculus","10090","RRMx2; Znf_C2H2x1; Znf_RanBP2","",\N,\N,\N
"1969","ENSMUSG00000032582","2010-03-18","2010-04-24","Rbm6","RNA binding motif protein 6 Gene [Source:MGI Symbol;Acc:MGI:1338037]","Mus musculus","10090","RRMx2; Znf_C2H2x1","NY-LU-12",\N,\N,\N
"1970","ENSMUSG00000032621","2010-03-18","2010-07-20","Sfrs12","splicing factor, arginine/serine-rich 12 Gene [Source:MGI Symbol;Acc:MGI:2145245]","Mus musculus","10090","RRMx1","SRrp508",\N,\N,\N
"1974","ENSMUSG00000032940","2010-03-18","2010-04-05","Rbm11","RNA binding motif protein 11 Gene [Source:MGI Symbol;Acc:MGI:2447622]","Mus musculus","10090","RRMx1","",\N,\N,\N
"1975","ENSMUSG00000033499","2010-03-18","2010-07-22","Larp4b","La ribonucleoprotein domain family, member 4B Gene [Source:MGI Symbol;Acc:MGI:106330]","Mus musculus","10090","Lax1; RRMx1","D13Wsu64e",\N,\N,\N
"1976","ENSMUSG00000033565","2010-03-18","2010-04-07","Rbm9","RNA binding motif protein 9 Gene [Source:MGI Symbol;Acc:MGI:1933973]","Mus musculus","10090","RRMx1","Fbm2",\N,\N,\N
"1977","ENSMUSG00000033581","2010-03-18","2010-05-03","Igf2bp2","insulin-like growth factor 2 mRNA binding protein 2 Gene [Source:MGI Symbol;Acc:MGI:1890358]","Mus musculus","10090","RRMx2; KHx4","IMP-2",\N,\N,\N
"1979","ENSMUSG00000033760","2010-03-18","2010-05-06","Rbm4b","RNA binding motif protein 4B Gene [Source:MGI Symbol;Acc:MGI:1913954]","Mus musculus","10090","RRMx2; Znf_CCHCx1","Lark2",\N,\N,\N
"1980","ENSMUSG00000033871","2010-03-18","2010-07-23","Ppargc1b","peroxisome proliferative activated receptor, gamma, coactivator 1 beta Gene [Source:MGI Symbol;Acc:MGI:2444934]","Mus musculus","10090","RRMx1","PGC-1beta/ERRL1",\N,\N,\N
"1981","ENSMUSG00000033882","2010-03-18","2010-07-23","Rbm46","RNA binding motif protein 46 Gene [Source:MGI Symbol;Acc:MGI:3645057]","Mus musculus","10090","RRMx3","ENSMUSG00000033882",\N,\N,\N
"1982","ENSMUSG00000033931","2010-03-18","2010-05-03","Rbm34","RNA binding motif protein 34 Gene [Source:MGI Symbol;Acc:MGI:1098653]","Mus musculus","10090","RRMx2","D8Ertd233e",\N,\N,\N
"1983","ENSMUSG00000034088","2010-03-18","2010-07-18","Hdlbp","high density lipoprotein (HDL) binding protein Gene [Source:MGI Symbol;Acc:MGI:99256]","Mus musculus","10090","KHx14","D1Ertd101e",\N,\N,\N
"1984","ENSMUSG00000034120","2010-03-18","2010-07-24","Sfrs2","splicing factor, arginine/serine-rich 2 (SC-35) Gene [Source:MGI Symbol;Acc:MGI:98284]","Mus musculus","10090","RRMx1","D11Wsu175e",\N,\N,\N
"1985","ENSMUSG00000034192","2010-03-18","2010-07-21","Lsm3","LSM3 homolog, U6 small nuclear RNA associated (S. cerevisiae) Gene [Source:MGI Symbol;Acc:MGI:1914928]","Mus musculus","10090","LSmx1","USS2",\N,\N,\N
"1986","ENSMUSG00000034278","2010-03-18","2010-07-22","Dnajc17","DnaJ (Hsp40) homolog, subfamily C, member 17 Gene [Source:MGI Symbol;Acc:MGI:1916658]","Mus musculus","10090","RRMx1","D9Bwg1371e",\N,\N,\N
"1987","ENSMUSG00000034422","2010-03-18","2010-07-23","Parp14","poly (ADP-ribose) polymerase family, member 14 Gene [Source:MGI Symbol;Acc:MGI:1919489]","Mus musculus","10090","RRMx1","collaborator of Stat6",\N,\N,\N
"1989","ENSMUSG00000034640","2010-03-18","2010-07-23","Tiparp","TCDD-inducible poly(ADP-ribose) polymerase Gene [Source:MGI Symbol;Acc:MGI:2159210]","Mus musculus","10090","Znf_CCCHx1","PARP-7",\N,\N,\N
"1990","ENSMUSG00000034653","2010-03-18","2010-04-29","Ythdc2","YTH domain containing 2 Gene [Source:MGI Symbol;Acc:MGI:2448561]","Mus musculus","10090","YTHx1","",\N,\N,\N
"1991","ENSMUSG00000034681","2010-03-18","2010-04-07","Rnps1","ribonucleic acid binding protein S1 Gene [Source:MGI Symbol;Acc:MGI:97960]","Mus musculus","10090","RRMx1","",\N,\N,\N
"1993","ENSMUSG00000034732","2010-03-18","2010-04-06","Pabpc5","poly(A) binding protein, cytoplasmic 5 Gene [Source:MGI Symbol;Acc:MGI:2136401]","Mus musculus","10090","RRMx4","",\N,\N,\N
"1994","ENSMUSG00000034818","2010-03-18","2010-03-30","Brunol5","bruno-like 5, RNA binding protein (Drosophila) Gene [Source:MGI Symbol;Acc:MGI:2442333]","Mus musculus","10090","RRMx3","Brunol5",\N,\N,\N
"1995","ENSMUSG00000034820","2010-03-18","2010-07-23","Cpsf7","cleavage and polyadenylation specific factor 7 Gene [Source:MGI Symbol;Acc:MGI:1917826]","Mus musculus","10090","RRMx1","",\N,\N,\N
"1996","ENSMUSG00000034839","2010-03-18","2010-07-14","Larp6","La ribonucleoprotein domain family, member 6 Gene [Source:MGI Symbol;Acc:MGI:1914807]","Mus musculus","10090","Lax1","acheron",\N,\N,\N
"1997","ENSMUSG00000034931","2010-03-18","2010-05-01","Dhx8","DEAH (Asp-Glu-Ala-His) box polypeptide 8 Gene [Source:MGI Symbol;Acc:MGI:1306823]","Mus musculus","10090","S1x1","RNA helicase","0","RNA helicase, no evidence of sequence-specific binding",\N
"1998","ENSMUSG00000035045","2010-03-18","2010-04-28","Zc3h12b","zinc finger CCCH-type containing 12B Gene [Source:MGI Symbol;Acc:MGI:2442133]","Mus musculus","10090","Znf_CCCHx1","LOC245523",\N,\N,\N
"1999","ENSMUSG00000035051","2010-03-18","2010-07-14","Dhx57","DEAH (Asp-Glu-Ala-Asp/His) box polypeptide 57 Gene [Source:MGI Symbol;Acc:MGI:2147067]","Mus musculus","10090","Znf_CCCHx1","",\N,\N,\N
"2000","ENSMUSG00000035164","2010-03-18","2010-04-28","Zc3h12c","zinc finger CCCH type containing 12C Gene [Source:MGI Symbol;Acc:MGI:3026959]","Mus musculus","10090","Znf_CCCHx1","",\N,\N,\N
"2001","ENSMUSG00000035215","2010-03-18","2010-07-14","Lsm7","LSM7 homolog, U6 small nuclear RNA associated (S. cerevisiae) Gene [Source:MGI Symbol;Acc:MGI:1913344]","Mus musculus","10090","LSmx1","",\N,\N,\N
"2002","ENSMUSG00000035275","2010-03-18","2010-05-30","Raver2","ribonucleoprotein, PTB-binding 2 Gene [Source:MGI Symbol;Acc:MGI:2443623]","Mus musculus","10090","RRMx3","",\N,\N,\N
"2004","ENSMUSG00000035851","2010-03-18","2010-07-20","Ythdc1","YTH domain containing 1 Gene [Source:MGI Symbol;Acc:MGI:2443713]","Mus musculus","10090","YTHx1","",\N,\N,\N
"2005","ENSMUSG00000036054","2010-03-18","2010-05-01","Sfrs14","splicing factor, arginine/serine-rich 14 Gene [Source:MGI Symbol;Acc:MGI:2678085]","Mus musculus","10090","SURPx2","",\N,\N,\N
"2006","ENSMUSG00000036109","2010-03-18","2010-06-17","Mbnl3","muscleblind-like 3 (Drosophila) Gene [Source:MGI Symbol;Acc:MGI:2444912]","Mus musculus","10090","Znf_CCCHx4","CHCR",\N,\N,\N
"2007","ENSMUSG00000036249","2010-03-18","2010-07-23","Rbm43","RNA binding motif protein 43 Gene [Source:MGI Symbol;Acc:MGI:1918934]","Mus musculus","10090","Lax1; RRMx1","",\N,\N,\N
"2009","ENSMUSG00000036537","2010-03-18","2010-07-21","Rnf113a1","ring finger protein 113A1 Gene [Source:MGI Symbol;Acc:MGI:1917192]","Mus musculus","10090","Znf_CCCHx1","",\N,\N,\N
"2010","ENSMUSG00000036733","2010-03-18","2010-07-21","Rbm42","RNA binding motif protein 42 Gene [Source:MGI Symbol;Acc:MGI:1915285]","Mus musculus","10090","RRMx1","",\N,\N,\N
"2011","ENSMUSG00000037070","2010-03-18","2010-07-18","Rbmxrt","RNA binding motif protein, X chromosome retrogene Gene [Source:MGI Symbol;Acc:MGI:1343045]","Mus musculus","10090","RRMx1","hnRNP G",\N,\N,\N
"2012","ENSMUSG00000037236","2010-03-18","2010-04-06","Matr3","matrin 3 Gene [Source:MGI Symbol;Acc:MGI:1298379]","Mus musculus","10090","RRMx2","",\N,\N,\N
"2013","ENSMUSG00000037253","2010-03-18","2010-05-11","Mex3c","mex3 homolog C (C. elegans) Gene [Source:MGI Symbol;Acc:MGI:2652843]","Mus musculus","10090","KHx2; Znf_RINGx1","BM-013",\N,\N,\N
"2014","ENSMUSG00000037296","2010-03-18","2010-07-23","Lsm1","LSM1 homolog, U6 small nuclear RNA associated (S. cerevisiae) Gene [Source:MGI Symbol;Acc:MGI:1914457]","Mus musculus","10090","LSmx1","",\N,\N,\N
"2015","ENSMUSG00000037331","2010-03-18","2010-07-01","Larp1","La ribonucleoprotein domain family, member 1 Gene [Source:MGI Symbol;Acc:MGI:1890165]","Mus musculus","10090","Lax1","",\N,\N,\N
"2016","ENSMUSG00000037361","2010-03-18","2010-04-07","0610009D07Rik","RIKEN cDNA 0610009D07 gene Gene [Source:MGI Symbol;Acc:MGI:1913305]","Mus musculus","10090","RRMx1","",\N,\N,\N
"2017","ENSMUSG00000037513","2010-03-18","2010-05-14","Samd4b","sterile alpha motif domain containing 4B Gene [Source:MGI Symbol;Acc:MGI:2448542]","Mus musculus","10090","SAMx1","",\N,\N,\N
"2021","ENSMUSG00000037814","2010-03-18","2010-07-24","Larp1b","La ribonucleoprotein domain family, member 1B Gene [Source:MGI Symbol;Acc:MGI:1914604]","Mus musculus","10090","Lax1","Larp2",\N,\N,\N
"2022","ENSMUSG00000037965","2010-03-18","2010-04-28","Zc3h7a","zinc finger CCCH type containing 7 A Gene [Source:MGI Symbol;Acc:MGI:2445044]","Mus musculus","10090","Znf_CCCHx5","Zc3h7",\N,\N,\N
"2024","ENSMUSG00000038374","2010-03-18","2010-07-20","Rbm8a","RNA binding motif protein 8a Gene [Source:MGI Symbol;Acc:MGI:1913129]","Mus musculus","10090","RRMx1","Rbm8",\N,\N,\N
"2026","ENSMUSG00000038500","2010-03-18","2010-05-05","Prr3","proline-rich polypeptide 3 Gene [Source:MGI Symbol;Acc:MGI:1922460]","Mus musculus","10090","Znf_CCCHx1","CAT56",\N,\N,\N
"2027","ENSMUSG00000038507","2010-03-18","2010-04-30","Parp12","poly (ADP-ribose) polymerase family, member 12 Gene [Source:MGI Symbol;Acc:MGI:2143990]","Mus musculus","10090","Znf_CCCHx3","Zc3hdc1",\N,\N,\N
"2029","ENSMUSG00000038784","2010-03-18","2010-07-21","Cnot4","CCR4-NOT transcription complex, subunit 4 Gene [Source:MGI Symbol;Acc:MGI:1859026]","Mus musculus","10090","RRMx1; Znf_RINGx1","Not4hp",\N,\N,\N
"2030","ENSMUSG00000038848","2010-03-18","2010-05-15","Ythdf1","YTH domain family 1 Gene [Source:MGI Symbol;Acc:MGI:1917431]","Mus musculus","10090","YTHx1","",\N,\N,\N
"2033","ENSMUSG00000039220","2010-03-18","2010-04-27","Ppp1r10","protein phosphatase 1, regulatory subunit 10 Gene [Source:MGI Symbol;Acc:MGI:1289273]","Mus musculus","10090","Znf_CCCHx1","D17Ertd808e",\N,\N,\N
"2034","ENSMUSG00000039607","2010-03-18","2010-05-13","Rbms3","RNA binding motif, single stranded interacting protein Gene [Source:MGI Symbol;Acc:MGI:2444477]","Mus musculus","10090","RRMx2","",\N,\N,\N
"2035","ENSMUSG00000039652","2010-03-18","2010-07-06","Cpeb3","cytoplasmic polyadenylation element binding protein 3 Gene [Source:MGI Symbol;Acc:MGI:2443075]","Mus musculus","10090","RRMx2","",\N,\N,\N
"2036","ENSMUSG00000039717","2010-03-18","2010-05-13","Ralyl","RALY RNA binding protein-like Gene [Source:MGI Symbol;Acc:MGI:1924147]","Mus musculus","10090","RRMx1","",\N,\N,\N
"2037","ENSMUSG00000039782","2010-03-18","2010-07-06","Cpeb2","cytoplasmic polyadenylation element binding protein 2 Gene [Source:MGI Symbol;Acc:MGI:2442640]","Mus musculus","10090","RRMx2","",\N,\N,\N
"2038","ENSMUSG00000039810","2010-03-18","2010-04-28","Zc3h10","zinc finger CCCH type containing 10 Gene [Source:MGI Symbol;Acc:MGI:2143670]","Mus musculus","10090","Znf_CCCHx3","",\N,\N,\N
"2039","ENSMUSG00000039981","2010-03-18","2010-04-28","Zc3h12d","zinc finger CCCH type containing 12D Gene [Source:MGI Symbol;Acc:MGI:3045313]","Mus musculus","10090","Znf_CCCHx1","",\N,\N,\N
"2040","ENSMUSG00000040025","2010-03-18","2010-05-15","Ythdf2","YTH domain family 2 Gene [Source:MGI Symbol;Acc:MGI:2444233]","Mus musculus","10090","YTHx1","NY-REN-2",\N,\N,\N
"2041","ENSMUSG00000040028","2010-03-18","2010-06-28","Elavl1","ELAV (embryonic lethal, abnormal vision, Drosophila)-like 1 (Hu antigen R) Gene [Source:MGI Symbol;Acc:MGI:1100851]","Mus musculus","10090","RRMx3","W91709",\N,\N,\N
"2042","ENSMUSG00000040043","2010-03-18","2010-04-28","Rbms2","RNA binding motif, single stranded interacting protein 2 Gene [Source:MGI Symbol;Acc:MGI:1861776]","Mus musculus","10090","RRMx2","Scr3","0","possibly ssDNA binding (PMID: 7838710)",\N
"2043","ENSMUSG00000040423","2010-03-18","2010-05-13","Rc3h1","RING CCCH (C3H) domains 1 Gene [Source:MGI Symbol;Acc:MGI:2685397]","Mus musculus","10090","Znf_CCCHx1; Znf_RINGx1","",\N,\N,\N
"2047","ENSMUSG00000040728","2010-03-18","2010-07-01","Esrp1","epithelial splicing regulatory protein 1 Gene [Source:MGI Symbol;Acc:MGI:1917326]","Mus musculus","10090","RRMx3","Rbm35a",\N,\N,\N
"2048","ENSMUSG00000040731","2010-03-18","2010-07-06","Eif4h","eukaryotic translation initiation factor 4H Gene [Source:MGI Symbol;Acc:MGI:1341822]","Mus musculus","10090","RRMx1","D5Ertd355e",\N,\N,\N
"2049","ENSMUSG00000040761","2010-03-18","2010-05-01","Spen","SPEN homolog, transcriptional regulator (Drosophila) Gene [Source:MGI Symbol;Acc:MGI:1891706]","Mus musculus","10090","RRMx4","Mint","0","DNA binding (PMID: 10451362)",\N
"2050","ENSMUSG00000040824","2010-03-18","2010-07-21","Snrpd2","small nuclear ribonucleoprotein D2 Gene [Source:MGI Symbol;Acc:MGI:98345]","Mus musculus","10090","LSmx1","SMD2",\N,\N,\N
"2051","ENSMUSG00000041360","2010-03-18","2010-05-03","D19Bwg1357e","Pumilio domain-containing protein KIAA0020  [Source:UniProtKB/Swiss-Prot;Acc:Q8BKS9]","Mus musculus","10090","PUMx1","",\N,\N,\N
"2052","ENSMUSG00000041459","2010-03-18","2010-07-18","Tardbp","TAR DNA binding protein Gene [Source:MGI Symbol;Acc:MGI:2387629]","Mus musculus","10090","RRMx2","TDP-43",\N,\N,\N
"2054","ENSMUSG00000041815","2010-03-18","2010-07-14","Poldip3","polymerase (DNA-directed), delta interacting protein 3 Gene [Source:MGI Symbol;Acc:MGI:1921076]","Mus musculus","10090","RRMx1","PDIP46",\N,\N,\N
"2055","ENSMUSG00000041912","2010-03-18","2010-07-14","Tdrkh","tudor and KH domain containing protein Gene [Source:MGI Symbol;Acc:MGI:1919884]","Mus musculus","10090","KHx2","Tdrd2",\N,\N,\N
"2056","ENSMUSG00000042079","2010-03-18","2010-04-25","Hnrnpf","heterogeneous nuclear ribonucleoprotein F Gene [Source:MGI Symbol;Acc:MGI:2138741]","Mus musculus","10090","RRMx3; Znf_CHHCx1","Hnrpf",\N,\N,\N
"2057","ENSMUSG00000042109","2010-03-18","2010-05-15","Csdc2","cold shock domain containing C2, RNA binding Gene [Source:MGI Symbol;Acc:MGI:2146027]","Mus musculus","10090","CSDx1","",\N,\N,\N
"2058","ENSMUSG00000042369","2010-03-18","2010-07-21","Rbm45","RNA binding motif protein 45 Gene [Source:MGI Symbol;Acc:MGI:2387367]","Mus musculus","10090","RRMx4","Drbp1",\N,\N,\N
"2059","ENSMUSG00000042396","2010-03-18","2010-04-07","Rbm7","RNA binding motif protein 7 Gene [Source:MGI Symbol;Acc:MGI:1914260]","Mus musculus","10090","RRMx1","",\N,\N,\N
"2060","ENSMUSG00000042625","2010-03-18","2010-07-21","Safb2","scaffold attachment factor B2 Gene [Source:MGI Symbol;Acc:MGI:2146808]","Mus musculus","10090","RRMx1","",\N,\N,\N
"2061","ENSMUSG00000042814","2010-03-18","2010-07-14","Mcts2","malignant T cell amplified sequence 2 Gene [Source:MGI Symbol;Acc:MGI:1913655]","Mus musculus","10090","PUAx1","",\N,\N,\N
"2062","ENSMUSG00000042851","2010-03-18","2010-04-28","Zc3h6","zinc finger CCCH type containing 6 Gene [Source:MGI Symbol;Acc:MGI:1926001]","Mus musculus","10090","Znf_CCCHx1","",\N,\N,\N
"2063","ENSMUSG00000043432","2010-03-18","2010-07-23","Leng9","leukocyte receptor cluster (LRC) member 9 Gene [Source:MGI Symbol;Acc:MGI:2444509]","Mus musculus","10090","Znf_CCCHx1","",\N,\N,\N
"2064","ENSMUSG00000043639","2010-03-18","2010-07-24","Rbm20","RNA binding motif protein 20 Gene [Source:MGI Symbol;Acc:MGI:1920963]","Mus musculus","10090","RRMx1; Znf_C2H2x1","",\N,\N,\N
"2065","ENSMUSG00000044068","2010-03-18","2010-05-13","Zrsr1","zinc finger (CCCH type), RNA binding motif and serine/arginine rich 1 Gene [Source:MGI Symbol;Acc:MGI:98885]","Mus musculus","10090","RRMx1; Znf_CCCHx1","U2afbp-rs",\N,\N,\N
"2066","ENSMUSG00000044141","2010-03-18","2010-07-24","E130201H02Rik","RIKEN cDNA E130201H02 gene Gene [Source:MGI Symbol;Acc:MGI:1925802]","Mus musculus","10090","CSDx1","",\N,\N,\N
"2067","ENSMUSG00000044155","2010-03-18","2010-07-21","Naa38","N(alpha)-acetyltransferase 38, NatC auxiliary subunit Gene [Source:MGI Symbol;Acc:MGI:1923772]","Mus musculus","10090","LSmx1","Lsm8",\N,\N,\N
"2068","ENSMUSG00000044221","2010-03-18","2010-07-23","Grsf1","G-rich RNA sequence binding factor 1 Gene [Source:MGI Symbol;Acc:MGI:106479]","Mus musculus","10090","RRMx3","D5Wsu31e",\N,\N,\N
"2069","ENSMUSG00000044475","2010-03-18","2010-07-20","Ascc1","activating signal cointegrator 1 complex subunit 1 Gene [Source:MGI Symbol;Acc:MGI:1916340]","Mus musculus","10090","KHx1","ASC1p50",\N,\N,\N
"2070","ENSMUSG00000044595","2010-03-18","2010-07-23","Dnd1","dead end homolog 1 (zebrafish) Gene [Source:MGI Symbol;Acc:MGI:2447763]","Mus musculus","10090","RRMx2","RBMS4",\N,\N,\N
"2072","ENSMUSG00000044786","2010-03-18","2010-04-27","Zfp36","zinc finger protein 36 Gene [Source:MGI Symbol;Acc:MGI:99180]","Mus musculus","10090","Znf_CCCHx2","Tristetraprolin",\N,\N,\N
"2073","ENSMUSG00000044847","2010-03-18","2010-07-21","Lsm11","U7 snRNP-specific Sm-like protein LSM11 Gene [Source:MGI Symbol;Acc:MGI:1919540]","Mus musculus","10090","LSmx1","",\N,\N,\N
"2074","ENSMUSG00000045193","2010-03-18","2010-04-05","Cirbp","cold inducible RNA binding protein Gene [Source:MGI Symbol;Acc:MGI:893588]","Mus musculus","10090","RRMx1","Cirp",\N,\N,\N
"2076","ENSMUSG00000045365","2010-03-18","2010-05-03","Rbm15b","RNA binding motif protein 15B Gene [Source:MGI Symbol;Acc:MGI:1923598]","Mus musculus","10090","RRMx2","",\N,\N,\N
"2077","ENSMUSG00000045427","2010-03-18","2010-04-25","Hnrnph2","heterogeneous nuclear ribonucleoprotein H2 Gene [Source:MGI Symbol;Acc:MGI:1201779]","Mus musculus","10090","RRMx3; Znf_CHHCx1","Hnrph2",\N,\N,\N
"2078","ENSMUSG00000045546","2010-03-18","2010-07-24","","ring finger protein 113A2 (Rnf113a2), mRNA [Source:RefSeq DNA;Acc:NM_025525]","Mus musculus","10090","","",\N,\N,\N
"2079","ENSMUSG00000045817","2010-03-18","2010-04-27","Zfp36l2","zinc finger protein 36, C3H type-like 2 Gene [Source:MGI Symbol;Acc:MGI:107945]","Mus musculus","10090","Znf_CCCHx2","Tis11d",\N,\N,\N
"2080","ENSMUSG00000046173","2010-03-18","2010-05-20","Pabpc6","poly(A) binding protein, cytoplasmic 6 Gene [Source:MGI Symbol;Acc:MGI:1914793]","Mus musculus","10090","RRMx4","",\N,\N,\N
"2081","ENSMUSG00000046201","2010-03-18","2010-04-28","Rbm16","RNA binding motif protein 16 Gene [Source:MGI Symbol;Acc:MGI:1925212]","Mus musculus","10090","RRMx1","",\N,\N,\N
"2082","ENSMUSG00000046434","2010-03-18","2010-04-01","Hnrnpa1","heterogeneous nuclear ribonucleoprotein A1 Gene [Source:MGI Symbol;Acc:MGI:104820]","Mus musculus","10090","RRMx2","D15Ertd119e",\N,\N,\N
"2083","ENSMUSG00000046667","2010-03-18","2010-07-21","Rbm12b","RNA binding motif protein 12B Gene [Source:MGI Symbol;Acc:MGI:1919647]","Mus musculus","10090","RRMx5","",\N,\N,\N
"2084","ENSMUSG00000047181","2010-03-18","2010-04-25","Samd14","sterile alpha motif domain containing 14 Gene [Source:MGI Symbol;Acc:MGI:2384945]","Mus musculus","10090","SAMx1","",\N,\N,\N
"2085","ENSMUSG00000047213","2010-03-18","2010-05-15","Ythdf3","YTH domain family 3 Gene [Source:MGI Symbol;Acc:MGI:1918850]","Mus musculus","10090","YTHx1","",\N,\N,\N
"2087","ENSMUSG00000047749","2010-03-18","2010-07-23","Zc3hav1l","zinc finger CCCH-type, antiviral 1-like Gene [Source:MGI Symbol;Acc:MGI:2443387]","Mus musculus","10090","Znf_CCCHx1","",\N,\N,\N
"2088","ENSMUSG00000048109","2010-03-18","2010-05-03","Rbm15","RNA binding motif protein 15 Gene [Source:MGI Symbol;Acc:MGI:2443205]","Mus musculus","10090","RRMx3","",\N,\N,\N
"2089","ENSMUSG00000048271","2010-03-18","2010-07-23","Prr8","proline rich 8 Gene [Source:MGI Symbol;Acc:MGI:1919670]","Mus musculus","10090","RRMx1","",\N,\N,\N
"2090","ENSMUSG00000048439","2010-03-18","2010-05-05","Nupl2","nucleoporin like 2 Gene [Source:MGI Symbol;Acc:MGI:2387631]","Mus musculus","10090","Znf_CCCHx1","CG1",\N,\N,\N
"2091","ENSMUSG00000048696","2010-03-18","2010-05-11","Mex3d","mex3 homolog D (C. elegans) Gene [Source:MGI Symbol;Acc:MGI:2681847]","Mus musculus","10090","KHx2; Znf_RINGx1","Rkhd1",\N,\N,\N
"2093","ENSMUSG00000049230","2010-03-18","2010-04-06","","Myelin expression factor 2 (MyEF-2)(MEF-2) [Source:UniProtKB/Swiss-Prot;Acc:Q8C854]","Mus musculus","10090","RRMx2","",\N,\N,\N
"2094","ENSMUSG00000049815","2010-03-18","2010-07-24","4921511C20Rik","RIKEN cDNA 4921511C20 gene Gene [Source:MGI Symbol;Acc:MGI:2685229]","Mus musculus","10090","KHx5","LOC245598",\N,\N,\N
"2096","ENSMUSG00000050188","2010-03-18","2010-07-21","Lsm10","U7 snRNP-specific Sm-like protein LSM10 Gene [Source:MGI Symbol;Acc:MGI:2151045]","Mus musculus","10090","LSmx1","",\N,\N,\N
"2097","ENSMUSG00000050667","2010-03-18","2010-05-20","","Putative uncharacterized protein Fragment  [Source:UniProtKB/TrEMBL;Acc:Q3UTA6]","Mus musculus","10090","RRMx3","",\N,\N,\N
"2098","ENSMUSG00000050966","2010-03-18","2010-05-04","Lin28","lin-28 homolog (C. elegans) Gene [Source:MGI Symbol;Acc:MGI:1890546]","Mus musculus","10090","CSDx1; Znf_CCHCx2","Lin28a",\N,\N,\N
"2100","ENSMUSG00000051695","2010-03-18","2010-05-03","Pcbp1","poly(rC) binding protein 1 Gene [Source:MGI Symbol;Acc:MGI:1345635]","Mus musculus","10090","KHx3","hnRNP E1",\N,\N,\N
"2101","ENSMUSG00000051732","2010-03-18","2010-05-20","Pabpc2","poly(A) binding protein, cytoplasmic 2 Gene [Source:MGI Symbol;Acc:MGI:1349723]","Mus musculus","10090","RRMx4","Pabp2",\N,\N,\N
"2103","ENSMUSG00000052137","2010-03-18","2010-07-21","C430048L16Rik","RIKEN cDNA C430048L16 gene Gene [Source:MGI Symbol;Acc:MGI:1924854]","Mus musculus","10090","RRMx5","",\N,\N,\N
"2104","ENSMUSG00000052488","2010-03-18","2010-05-15","Cherp","calcium homeostasis endoplasmic reticulum protein Gene [Source:MGI Symbol;Acc:MGI:106417]","Mus musculus","10090","SURPx1","D8Wsu96e",\N,\N,\N
"2106","ENSMUSG00000052595","2010-03-18","2010-03-22","A1cf","APOBEC1 complementation factor Gene [Source:MGI Symbol;Acc:MGI:1917115]","Mus musculus","10090","RRMx3","apobec-1 complementation factor",\N,\N,\N
"2107","ENSMUSG00000052707","2010-03-18","2010-05-11","Tnrc6a","trinucleotide repeat containing 6a Gene [Source:MGI Symbol;Acc:MGI:2385292]","Mus musculus","10090","RRMx1","CAGH26",\N,\N,\N
"2108","ENSMUSG00000052831","2010-03-18","2010-07-23","Rbmy1a1","RNA binding motif protein, Y chromosome, family 1, member A1 Gene [Source:MGI Symbol;Acc:MGI:104732]","Mus musculus","10090","RRMx1","Rbm1",\N,\N,\N
"2109","ENSMUSG00000053536","2010-03-18","2010-05-03","Cstf2t","cleavage stimulation factor, 3' pre-RNA subunit 2, tau Gene [Source:MGI Symbol;Acc:MGI:1932622]","Mus musculus","10090","RRMx1","tCstF-64",\N,\N,\N
"2111","ENSMUSG00000054256","2010-03-18","2010-04-06","Msi1","Musashi homolog 1(Drosophila) Gene [Source:MGI Symbol;Acc:MGI:107376]","Mus musculus","10090","RRMx2","m-Msi-1",\N,\N,\N
"2112","ENSMUSG00000054582","2010-03-18","2010-04-06","Pabpc1l","poly(A) binding protein, cytoplasmic 1-like Gene [Source:MGI Symbol;Acc:MGI:1922908]","Mus musculus","10090","RRMx4","ePAB",\N,\N,\N
"2113","ENSMUSG00000054679","2010-03-18","2010-04-05","Sfrs13b","splicing factor, arginine/serine-rich 13B Gene [Source:MGI Symbol;Acc:MGI:2661424]","Mus musculus","10090","RRMx1","Srrp",\N,\N,\N
"2114","ENSMUSG00000055204","2010-03-18","2010-05-07","Ankrd17","ankyrin repeat domain 17 Gene [Source:MGI Symbol;Acc:MGI:1932101]","Mus musculus","10090","KHx1","Gtar",\N,\N,\N
"2116","ENSMUSG00000055436","2010-03-18","2010-07-20","Sfrs11","splicing factor, arginine/serine-rich 11 Gene [Source:MGI Symbol;Acc:MGI:1916457]","Mus musculus","10090","RRMx1","SFRS11",\N,\N,\N
"2117","ENSMUSG00000055491","2010-03-18","2010-04-05","Pprc1","peroxisome proliferative activated receptor, gamma, coactivator-related 1 Gene [Source:MGI Symbol;Acc:MGI:2385096]","Mus musculus","10090","RRMx1","",\N,\N,\N
"2118","ENSMUSG00000055531","2010-03-18","2010-05-05","Cpsf6","cleavage and polyadenylation specific factor 6 Gene [Source:MGI Symbol;Acc:MGI:1913948]","Mus musculus","10090","RRMx1","HPBRII-7",\N,\N,\N
"2120","ENSMUSG00000056076","2010-03-18","2010-07-20","Eif3b","eukaryotic translation initiation factor 3, subunit B Gene [Source:MGI Symbol;Acc:MGI:106478]","Mus musculus","10090","RRMx1","EIF3-P116",\N,\N,\N
"2121","ENSMUSG00000056851","2010-03-18","2010-05-03","Pcbp2","poly(rC) binding protein 2 Gene [Source:MGI Symbol;Acc:MGI:108202]","Mus musculus","10090","KHx3","alphaCP-2",\N,\N,\N
"2122","ENSMUSG00000056951","2010-03-18","2010-05-06","Rbm4","RNA binding motif protein 4 Gene [Source:MGI Symbol;Acc:MGI:1100865]","Mus musculus","10090","RRMx2; Znf_CCCHx1","Rbm4a",\N,\N,\N
"2123","ENSMUSG00000057278","2010-03-18","2010-07-20","Snrpg","small nuclear ribonucleoprotein polypeptide G Gene [Source:MGI Symbol;Acc:MGI:1915261]","Mus musculus","10090","LSmx1","SMG",\N,\N,\N
"2124","ENSMUSG00000057706","2010-03-18","2010-05-11","Mex3b","mex3 homolog B (C. elegans) Gene [Source:MGI Symbol;Acc:MGI:1918252]","Mus musculus","10090","KHx2; Znf_RINGx1","Rkhd3",\N,\N,\N
"2126","ENSMUSG00000058655","2010-03-18","2010-05-01","Eif4b","eukaryotic translation initiation factor 4B Gene [Source:MGI Symbol;Acc:MGI:95304]","Mus musculus","10090","RRMx1","",\N,\N,\N
"2128","ENSMUSG00000059005","2010-03-18","2010-05-20","Hnrnpa3","predicted gene 6793 Gene [Source:MGI Symbol;Acc:MGI:3643578]","Mus musculus","10090","RRMx2","Hnrpa3",\N,\N,\N
"2130","ENSMUSG00000059208","2010-03-18","2010-04-06","Hnrnpm","heterogeneous nuclear ribonucleoprotein M Gene [Source:MGI Symbol;Acc:MGI:1926465]","Mus musculus","10090","RRMx3","Hnrpm",\N,\N,\N
"2131","ENSMUSG00000059273","2010-03-18","2010-04-28","Zc3h4","zinc finger CCCH-type containing 4 Gene [Source:MGI Symbol;Acc:MGI:2682314]","Mus musculus","10090","Znf_CCCHx1","Kiaa1064-hp",\N,\N,\N
"2132","ENSMUSG00000059278","2010-03-18","2010-07-21","Lsmd1","LSM domain containing 1 Gene [Source:MGI Symbol;Acc:MGI:1925554]","Mus musculus","10090","LSmx1","",\N,\N,\N
"2133","ENSMUSG00000059334","2010-03-18","2010-04-27","Zfp36l3","zinc finger protein 36, C3H type-like 3 Gene [Source:MGI Symbol;Acc:MGI:3525151]","Mus musculus","10090","Znf_CCCHx2","",\N,\N,\N
"2134","ENSMUSG00000059708","2010-03-18","2010-07-24","Sfrs17b","splicing factor, arginine/serine-rich 17b Gene [Source:MGI Symbol;Acc:MGI:2443758]","Mus musculus","10090","RRMx1","Talia",\N,\N,\N
"2135","ENSMUSG00000060087","2010-03-18","2010-07-24","","LSM5 homolog, U6 small nuclear RNA associated (S. cerevisiae) (Lsm5), mRNA [Source:RefSeq DNA;Acc:NM_025520]","Mus musculus","10090","LSmx1","",\N,\N,\N
"2136","ENSMUSG00000060244","2010-03-18","2010-06-29","Refbp2","RNA and export factor binding protein 2 Gene [Source:MGI Symbol;Acc:MGI:1913144]","Mus musculus","10090","RRMx1","",\N,\N,\N
"2137","ENSMUSG00000060373","2010-03-18","2010-05-07","Hnrnpc","heterogeneous nuclear ribonucleoprotein C Gene [Source:MGI Symbol;Acc:MGI:107795]","Mus musculus","10090","RRMx1","D14Wsu171e",\N,\N,\N
"2138","ENSMUSG00000060461","2010-03-18","2010-07-23","Dppa5a","developmental pluripotency associated 5A Gene [Source:MGI Symbol;Acc:MGI:101800]","Mus musculus","10090","KHx1","ecat2",\N,\N,\N
"2140","ENSMUSG00000060657","2010-03-18","2010-07-21","4921513D23Rik","RIKEN cDNA 4921513D23 gene Gene [Source:MGI Symbol;Acc:MGI:2444505]","Mus musculus","10090","RRMx2","",\N,\N,\N
"2141","ENSMUSG00000060673","2010-03-18","2010-07-24","4930595M18Rik","RIKEN cDNA 4930595M18 gene Gene [Source:MGI Symbol;Acc:MGI:3045300]","Mus musculus","10090","RRMx1","",\N,\N,\N
"2142","ENSMUSG00000061028","2010-03-18","2010-05-05","Sfrs16","splicing factor, arginine/serine-rich 16 Gene [Source:MGI Symbol;Acc:MGI:1855695]","Mus musculus","10090","","SWAP2",\N,\N,\N
"2145","ENSMUSG00000061479","2010-03-18","2010-06-17","Snrpa","small nuclear ribonucleoprotein polypeptide A Gene [Source:MGI Symbol;Acc:MGI:1855690]","Mus musculus","10090","RRMx2","U1 snRNP",\N,\N,\N
"2146","ENSMUSG00000061613","2010-03-18","2010-05-10","U2af1","U2 small nuclear ribonucleoprotein auxiliary factor (U2AF) 1 Gene [Source:MGI Symbol;Acc:MGI:98884]","Mus musculus","10090","RRMx1; Znf_CCCHx1","35kDa",\N,\N,\N
"2147","ENSMUSG00000062078","2010-03-18","2010-04-25","Qk","quaking Gene [Source:MGI Symbol;Acc:MGI:97837]","Mus musculus","10090","KHx1","l(17)-1Wis",\N,\N,\N
"2148","ENSMUSG00000062791","2010-03-18","2010-07-24","Gm382","predicted gene 382 Gene [Source:MGI Symbol;Acc:MGI:2685228]","Mus musculus","10090","KHx11","LOC211208",\N,\N,\N
"2149","ENSMUSG00000063334","2010-03-18","2010-05-10","Krr1","KRR1, small subunit (SSU) processome component, homolog (yeast) Gene [Source:MGI Symbol;Acc:MGI:1289274]","Mus musculus","10090","KHx1","D10Ertd773e",\N,\N,\N
"2150","ENSMUSG00000063511","2010-03-18","2010-07-20","Snrnp70","small nuclear ribonucleoprotein 70 (U1) Gene [Source:MGI Symbol;Acc:MGI:98341]","Mus musculus","10090","RRMx1","Rnulp70",\N,\N,\N
"2151","ENSMUSG00000063804","2010-03-18","2010-05-04","Lin28b","lin-28 homolog B (C. elegans) Gene [Source:MGI Symbol;Acc:MGI:3584032]","Mus musculus","10090","CSDx1; Znf_CCHCx2","",\N,\N,\N
"2152","ENSMUSG00000064317","2010-03-18","2010-07-14","","U6 snRNA-associated Sm-like protein LSm7  [Source:UniProtKB/Swiss-Prot;Acc:Q9CQQ8]","Mus musculus","10090","LSmx1","",\N,\N,\N
"2153","ENSMUSG00000066037","2010-03-18","2010-05-03","Hnrnpr","heterogeneous nuclear ribonucleoprotein R Gene [Source:MGI Symbol;Acc:MGI:1891692]","Mus musculus","10090","RRMx3","hnRNPR",\N,\N,\N
"2154","ENSMUSG00000066107","2010-03-18","2010-07-24","","Novel protein containing an RNA recognition motif Fragment  [Source:UniProtKB/TrEMBL;Acc:A2AMD0]","Mus musculus","10090","RRMx1","",\N,\N,\N
"2156","ENSMUSG00000067873","2010-03-18","2010-07-21","Htatsf1","HIV TAT specific factor 1 Gene [Source:MGI Symbol;Acc:MGI:1919709]","Mus musculus","10090","RRMx2","TAT-SF1",\N,\N,\N
"2157","ENSMUSG00000068823","2010-03-18","2010-04-29","Csde1","cold shock domain containing E1, RNA binding Gene [Source:MGI Symbol;Acc:MGI:92356]","Mus musculus","10090","CSDx5","D3Jfr1",\N,\N,\N
"2158","ENSMUSG00000068856","2010-03-18","2010-04-25","Sf3b4","splicing factor 3b, subunit 4 Gene [Source:MGI Symbol;Acc:MGI:109580]","Mus musculus","10090","RRMx2","SF3b49",\N,\N,\N
"2159","ENSMUSG00000068882","2010-03-18","2010-07-01","Ssb","Sjogren syndrome antigen B Gene [Source:MGI Symbol;Acc:MGI:98423]","Mus musculus","10090","Lax1; RRMx2","autoantigen La",\N,\N,\N
"2160","ENSMUSG00000069031","2010-03-18","2010-07-24","","RNA-binding motif protein, Y chromosome, family 1 member B (RNA-binding motif protein 1) [Source:UniProtKB/Swiss-Prot;Acc:Q60990]","Mus musculus","10090","RRMx1","",\N,\N,\N
"2161","ENSMUSG00000069565","2010-03-18","2010-03-22","Dazap1","DAZ associated protein 1 Gene [Source:MGI Symbol;Acc:MGI:1917498]","Mus musculus","10090","RRMx2","mPrrp",\N,\N,\N
"2162","ENSMUSG00000069769","2010-03-18","2010-04-06","Msi2","Musashi homolog 2 (Drosophila) Gene [Source:MGI Symbol;Acc:MGI:1923876]","Mus musculus","10090","RRMx2","Musashi2",\N,\N,\N
"2163","ENSMUSG00000069867","2010-03-18","2010-04-07","Pabpn1l","poly(A)binding protein nuclear 1-like Gene [Source:MGI Symbol;Acc:MGI:2685954]","Mus musculus","10090","RRMx1","LOC382035",\N,\N,\N
"2164","ENSMUSG00000070319","2010-03-18","2010-05-07","Eif3g","eukaryotic translation initiation factor 3, subunit G Gene [Source:MGI Symbol;Acc:MGI:1858258]","Mus musculus","10090","RRMx1","TU-189B2",\N,\N,\N
"2165","ENSMUSG00000070527","2010-03-18","2010-07-14","Mkrn3","makorin, ring finger protein, 3 Gene [Source:MGI Symbol;Acc:MGI:2181178]","Mus musculus","10090","Znf_CCCHx3; Znf_RING","D7H15S9-1",\N,\N,\N
"2166","ENSMUSG00000070732","2010-03-18","2010-07-23","Rbm44","RNA binding motif protein 44 Gene [Source:MGI Symbol;Acc:MGI:2685663]","Mus musculus","10090","RRMx1","LOC329207",\N,\N,\N
"2168","ENSMUSG00000070780","2010-03-18","2010-07-23","Rbm47","RNA binding motif protein 47 Gene [Source:MGI Symbol;Acc:MGI:2384294]","Mus musculus","10090","RRMx3","",\N,\N,\N
"2169","ENSMUSG00000071172","2010-03-18","2010-07-22","Sfrs3","splicing factor, arginine/serine-rich 3 (SRp20) Gene [Source:MGI Symbol;Acc:MGI:98285]","Mus musculus","10090","RRMx1","X16",\N,\N,\N
"2170","ENSMUSG00000071337","2010-03-18","2010-05-10","Tia1","cytotoxic granule-associated RNA binding protein 1 Gene [Source:MGI Symbol;Acc:MGI:107914]","Mus musculus","10090","RRMx3","mTIA-1",\N,\N,\N
"2171","ENSMUSG00000071645","2010-03-18","2010-05-03","Tut1","terminal uridylyl transferase 1, U6 snRNA-specific Gene [Source:MGI Symbol;Acc:MGI:1917294]","Mus musculus","10090","RRMx1; Znf_C2H2_jazx1","Rbm21",\N,\N,\N
"2172","ENSMUSG00000071662","2010-03-18","2010-05-10","Polr2g","polymerase (RNA) II (DNA directed) polypeptide G Gene [Source:MGI Symbol;Acc:MGI:1914960]","Mus musculus","10090","S1x1","Rpo2-7l","0","Binds RNA nonspecifically",\N
"2173","ENSMUSG00000071960","2010-03-18","2010-07-24","","RNA-binding motif protein, Y chromosome, family 1 member B (RNA-binding motif protein 1) [Source:UniProtKB/Swiss-Prot;Acc:Q60990]","Mus musculus","10090","RRMx1","",\N,\N,\N
"2174","ENSMUSG00000072629","2010-03-18","2010-07-24","Setd1b","SET domain containing 1B Gene [Source:MGI Symbol;Acc:MGI:2652820]","Mus musculus","10090","RRMx1","KMT2G",\N,\N,\N
"2175","ENSMUSG00000073894","2010-03-18","2010-06-29","Rbmxl2","RNA binding motif protein, X-linked-like 2 Gene [Source:MGI Symbol;Acc:MGI:1923822]","Mus musculus","10090","RRMx1","",\N,\N,\N
"2176","ENSMUSG00000075376","2010-03-18","2010-04-28","Rc3h2","ring finger and CCCH-type zinc finger domains 2 Gene [Source:MGI Symbol;Acc:MGI:2442789]","Mus musculus","10090","Znf_CCCHx1; Znf_RINGx1","Rnf164",\N,\N,\N
"2177","ENSMUSG00000075600","2010-03-18","2010-04-28","Zc3h3","zinc finger CCCH type containing 3 Gene [Source:MGI Symbol;Acc:MGI:2663721]","Mus musculus","10090","Znf_CCCHx1","Smicl",\N,\N,\N
"2178","ENSMUSG00000078134","2010-03-18","2010-06-29","","Novel protein similar to splicing factor, arginine/serine-rich 3 (SRp20) Sfrs3MCG21910 ; [Source:UniProtKB/TrEMBL;Acc:A2A4X6]","Mus musculus","10090","RRMx1","",\N,\N,\N
"2179","ENSMUSG00000078765","2010-03-18","2010-05-10","U2af1l4","U2 small nuclear RNA auxiliary factor 1-like 4 Gene [Source:MGI Symbol;Acc:MGI:2678374]","Mus musculus","10090","RRMx1; Znf_CCCHx1","auxiliary factor 26",\N,\N,\N
"2180","ENSMUSG00000082044","2010-03-18","2010-07-24","","small nuclear ribonucleoprotein E (Snrpe), mRNA [Source:RefSeq DNA;Acc:NM_009227]","Mus musculus","10090","","",\N,\N,\N
"2181","ENSMUSG00000084128","2010-03-18","2010-07-01","Esrp2","epithelial splicing regulatory protein 2 Gene [Source:MGI Symbol;Acc:MGI:1924661]","Mus musculus","10090","RRMx3","Rbm35b",\N,\N,\N
"2182","ENSMUSG00000086240","2010-03-18","2010-07-24","","LSM5 homolog, U6 small nuclear RNA associated (S. cerevisiae) (Lsm5), mRNA [Source:RefSeq DNA;Acc:NM_025520]","Mus musculus","10090","","",\N,\N,\N
"2492","ENSMUSG00000020074","2010-05-12","2010-07-23","Ccar1","cell division cycle and apoptosis regulator 1 Gene [Source:MGI Symbol;Acc:MGI:1914750]","Mus musculus","10090","CSDx1","Carp1",\N,\N,\N
"2493","ENSMUSG00000071054","2010-05-12","2010-07-21","CT485788.3","scaffold attachment factor B  [Source:RefSeq peptide;Acc:NP_001156772]","Mus musculus","10090","RRMx1","SAFB1",\N,\N,\N
"2494","ENSMUSG00000022194","2010-05-12","2010-05-31","Pabpn1","poly(A) binding protein, nuclear 1 Gene [Source:MGI Symbol;Acc:MGI:1859158]","Mus musculus","10090","RRMx1","Gtrosa41",\N,\N,\N
"2495","ENSMUSG00000070291","2010-05-12","2010-07-21","Ddx43","DEAD (Asp-Glu-Ala-Asp) box polypeptide 43 Gene [Source:MGI Symbol;Acc:MGI:3642857]","Mus musculus","10090","KHx1","OTTMUSG00000019690",\N,\N,\N
"2496","ENSMUSG00000048661","2010-05-12","2010-07-23","Lemd3","LEM domain containing 3 Gene [Source:MGI Symbol;Acc:MGI:3580376]","Mus musculus","10090","RRMx1","Man1",\N,\N,\N
"2498","ENSMUSG00000042677","2010-05-12","2010-05-13","Zc3h12a","zinc finger CCCH type containing 12A Gene [Source:MGI Symbol;Acc:MGI:2385891]","Mus musculus","10090","Znf_CCCHx1","",\N,\N,\N
"2499","ENSMUSG00000063166","2010-05-12","2010-07-21","AC154808.1","","Mus musculus","10090","LSmx1","",\N,\N,\N
"2500","ENSMUSG00000038132","2010-05-12","2010-07-22","Rbm24","RNA binding motif protein 24 Gene [Source:MGI Symbol;Acc:MGI:3610364]","Mus musculus","10090","RRMx1","",\N,\N,\N
"2501","ENSMUSG00000062226","2010-05-12","2010-07-23","CAAA01160968.1.8431.1","","Mus musculus","10090","KHx1","",\N,\N,\N
"2502","ENSMUSG00000059179","2010-05-12","2010-05-20","AC158589.1","","Mus musculus","10090","RRMx2","",\N,\N,\N
"2503","ENSMUSG00000074480","2010-05-12","2010-05-13","Mex3a","mex3 homolog A (C. elegans) Gene [Source:MGI Symbol;Acc:MGI:1919890]","Mus musculus","10090","KHx2; Znf_RINGx1","Rkhd4",\N,\N,\N
"2504","ENSMUSG00000026519","2010-05-12","2010-07-23","Tmem63a","transmembrane protein 63a Gene [Source:MGI Symbol;Acc:MGI:2384789]","Mus musculus","10090","RRMx1","",\N,\N,\N
"2505","ENSMUSG00000037197","2010-05-12","2010-07-21","Rbm17","RNA binding motif protein 17 Gene [Source:MGI Symbol;Acc:MGI:1924188]","Mus musculus","10090","RRMx1","",\N,\N,\N
"2506","ENSMUSG00000047888","2010-05-12","2010-05-13","Tnrc6b","trinucleotide repeat containing 6b Gene [Source:MGI Symbol;Acc:MGI:2443730]","Mus musculus","10090","RRMx1","",\N,\N,\N
"2507","ENSMUSG00000068480","2010-05-12","2010-07-24","AC165968.1","","Mus musculus","10090","RRMx1","",\N,\N,\N
"2508","ENSMUSG00000004815","2010-05-12","2010-07-21","Dgkq","diacylglycerol kinase, theta Gene [Source:MGI Symbol;Acc:MGI:102918]","Mus musculus","10090","RRMx1","110kDa",\N,\N,\N
"2509","ENSMUSG00000071273","2010-05-12","2010-07-24","AC166351.1","","Mus musculus","10090","RRMx2","",\N,\N,\N
"2510","ENSMUSG00000074643","2010-05-12","2010-07-24","Cpne1","copine I Gene [Source:MGI Symbol;Acc:MGI:2386621]","Mus musculus","10090","RRMx4","",\N,\N,\N
"2511","ENSMUSG00000030924","2010-05-12","2010-05-13","2610020H08Rik","RIKEN cDNA 2610020H08 gene Gene [Source:MGI Symbol;Acc:MGI:1919402]","Mus musculus","10090","RRMx2","",\N,\N,\N
"2512","ENSMUSG00000036572","2010-05-12","2010-07-23","Upf3b","reproductive homeobox 3B Gene [Source:MGI Symbol;Acc:MGI:3770264]","Mus musculus","10090","RRMx1","RENT3B",\N,\N,\N
"2514","ENSMUSG00000021927","2010-05-12","2010-07-24","AC154435.1","","Mus musculus","10090","RRMx2","",\N,\N,\N
"2516","ENSMUSG00000062678","2010-05-12","2010-07-21","AC131120.3","","Mus musculus","10090","LSmx1","",\N,\N,\N
"2517","ENSMUSG00000030411","2010-05-12","2010-06-19","Nova2","neuro-oncological ventral antigen 2 Gene [Source:MGI Symbol;Acc:MGI:104296]","Mus musculus","10090","KHx1","LOC384569",\N,\N,\N
"2520","ENSMUSG00000001150","2010-05-12","2010-07-20","Mcm3ap","minichromosome maintenance deficient 3 (S. cerevisiae) associated protein Gene [Source:MGI Symbol;Acc:MGI:1930089]","Mus musculus","10090","RRMx1","GANP",\N,\N,\N
"2521","ENSMUSG00000020069","2010-05-12","2010-05-13","Hnrnph3","heterogeneous nuclear ribonucleoprotein H3 Gene [Source:MGI Symbol;Acc:MGI:1926462]","Mus musculus","10090","RRMx2","hnRNP 2H9",\N,\N,\N
"2523","ENSMUSG00000018040","2010-05-12","2010-05-13","Rrp7a","ribosomal RNA processing 7 homolog A (S. cerevisiae) Gene [Source:MGI Symbol;Acc:MGI:1922028]","Mus musculus","10090","RRMx1","",\N,\N,\N
"2524","ENSMUSG00000078182","2010-05-12","2010-07-23","AC164700.2","","Mus musculus","10090","KHx1","",\N,\N,\N
"2526","ENSMUSG00000078184","2010-05-12","2010-07-20","B020018G12Rik","RNA binding motif protein 8a Gene [Source:MGI Symbol;Acc:MGI:1913129]","Mus musculus","10090","RRMx1","Y14",\N,\N,\N
"2527","ENSMUSG00000058567","2010-05-12","2010-07-20","AC115361.1","","Mus musculus","10090","LSmx1","",\N,\N,\N
"2528","ENSMUSG00000022685","2010-05-12","2010-07-23","Parn","poly(A)-specific ribonuclease (deadenylation nuclease) Gene [Source:MGI Symbol;Acc:MGI:1921358]","Mus musculus","10090","RRMx1","DAN",\N,\N,\N
"2529","ENSMUSG00000055452","2010-05-12","2010-05-13","AC132586.1","","Mus musculus","10090","Znf_CCCHx1","",\N,\N,\N
"2530","ENSMUSG00000049235","2010-05-12","2010-07-24","AC140256.1","","Mus musculus","10090","RRMx1","",\N,\N,\N
"2531","ENSMUSG00000086151","2010-05-12","2010-07-24","AC153137.1","","Mus musculus","10090","RRMx1","",\N,\N,\N
"2532","ENSMUSG00000087346","2010-05-12","2010-07-24","AC121911.2","","Mus musculus","10090","RRMx1","",\N,\N,\N
"2534","ENSMUSG00000060989","2010-05-12","2010-05-20","RP23-425K3.1","","Mus musculus","10090","RRMx2","",\N,\N,\N
"2535","ENSMUSG00000039601","2010-05-12","2010-07-23","Rcan2","regulator of calcineurin 2 Gene [Source:MGI Symbol;Acc:MGI:1858219]","Mus musculus","10090","RRMx1","Dscr1l1",\N,\N,\N
"2536","ENSMUSG00000037364","2010-05-12","2010-07-24","Srrt","serrate RNA effector molecule homolog (Arabidopsis) Gene [Source:MGI Symbol;Acc:MGI:1933527]","Mus musculus","10090","RRMx1","Asr2",\N,\N,\N
"2537","ENSMUSG00000062093","2010-05-12","2010-05-20","AC098722.1","","Mus musculus","10090","RRMx4","",\N,\N,\N
"2538","ENSMUSG00000072585","2010-05-12","2010-07-24","AC123665.1","","Mus musculus","10090","LSmx1","",\N,\N,\N
"2539","ENSMUSG00000042308","2010-05-12","2010-07-21","Setd1a","SET domain containing 1A Gene [Source:MGI Symbol;Acc:MGI:2446244]","Mus musculus","10090","RRMx1","KMT2F",\N,\N,\N
"2540","ENSMUSG00000063902","2010-05-12","2010-07-01","AC116389.1","","Mus musculus","10090","KHx3","",\N,\N,\N
"2558","ENSMUSG00000004642","2010-07-21","2010-07-24","Slbp","stem-loop binding protein [Source:HGNC Symbol;Acc:10904]","Mus musculus","10090","","",\N,\N,\N
"2644","ENSMUSG00000016503","2010-07-27","2010-07-28","Gtf3a","general transcription factor III A Gene [Source:MGI (curated);Acc:MGI:1913846]","Mus musculus","10090","Znf_C2H2x3",\N,\N,\N,\N
"2645","ENSMUSG00000022009","2010-07-27","2010-07-28","Nufip1","nuclear fragile X mental retardation protein interacting protein 1 Gene [Source:MGI Symbol;Acc:MGI:1351474]","Mus musculus","10090","Znf_C2H2x1",\N,\N,\N,\N
"2646","ENSMUSG00000022201","2010-07-27","2010-07-28","Zfr","zinc finger RNA binding protein Gene [Source:MGI (curated);Acc:MGI:1341890]","Mus musculus","10090","Znf_C2H2x3",\N,\N,\N,\N
"2647","ENSMUSG00000024217","2010-07-27","2010-07-28","Snrpc","U1 small nuclear ribonucleoprotein C Gene [Source:MGI (curated);Acc:MGI:109489]","Mus musculus","10090","Znf_C2H2x1",\N,\N,\N,\N
"2648","ENSMUSG00000028411","2010-07-27","2010-07-28","Aptx","aprataxin Gene [Source:MGI (curated);Acc:MGI:1913658]","Mus musculus","10090","Znf_C2H2x1",\N,"0","",\N
"2649","ENSMUSG00000037262","2010-07-27","2010-07-28","Kin","antigenic determinant of rec-A protein Gene [Source:MGI (curated);Acc:MGI:96676]","Mus musculus","10090","Znf_C2H2x1",\N,\N,\N,\N
"2650","ENSMUSG00000039218","2010-07-27","2010-07-28","Srrm2","serine/arginine repetitive matrix 2 Gene [Source:MGI Symbol;Acc:MGI:1923206]","Mus musculus","10090","",\N,\N,\N,\N
"2651","ENSMUSG00000042097","2010-07-27","2010-07-28","Zfp239","zinc finger protein 239 Gene [Source:MGI (curated);Acc:MGI:1306812]","Mus musculus","10090","Znf_C2H2x7",\N,\N,\N,\N
"2652","ENSMUSG00000053286","2010-07-27","2010-07-28","1190005F20Rik","RIKEN cDNA 1190005F20 gene Gene [Source:MGI Symbol;Acc:MGI:1916185]","Mus musculus","10090","Znf_C2H2x1",\N,\N,\N,\N
"2653","ENSMUSG00000058301","2010-07-27","2010-07-28","Upf1","UPF1 regulator of nonsense transcripts homolog (yeast) Gene [Source:MGI Symbol;Acc:MGI:107995]","Mus musculus","10090","",\N,\N,\N,\N
"2662","ENSMUSG00000032293","2010-08-12",\N,"Ireb2","iron responsive element binding protein 2 Gene [Source:MGI Symbol;Acc:MGI:1928268]","Mus musculus","10090","","D9Ertd85e; DKFZp564D1164; Irp2",\N,\N,\N
"2667","ENSMUSG00000028405","2010-08-12",\N,"Aco1","aconitase 1 Gene [Source:MGI (curated);Acc:MGI:87879]","Mus musculus","10090","","Irp1; Aco-1; Irebp; AI256519; Aco1",\N,\N,\N
"2909","ENSMUSG00000018199","2010-10-07","2010-10-07","Trove2","TROVE domain family, member 2 Gene [Source:MGI (curated);Acc:MGI:106652]","Mus musculus","10090","TROVEx1",\N,"0",\N,\N
"2910","ENSMUSG00000006281","2010-10-07","2010-10-07","Tep1","telomerase associated protein 1 Gene [Source:MGI Symbol;Acc:MGI:109573]","Mus musculus","10090","TROVEx1",\N,"0",\N,\N
